response_id,user_id,response_date,score,feedback
nps_rib413twwv,usr_ky1gimbism,2025-05-19,9,
nps_qvepnblydj,usr_91unsgsjja,2024-11-23,5,"Sometimes slow, but generally reliable."
nps_6avpqh8fcq,usr_gvwfazk3d4,2024-09-26,8,
nps_un7b3dyj23,usr_uune4wvsx3,2023-06-11,9,I've recommended this to all my colleagues. Simply amazing.
nps_jex300e29f,usr_qcabyheldm,2024-06-01,10,
nps_dz61ha0hxr,usr_cqeuesa8r3,2025-03-31,7,
nps_bc7969x6yq,usr_htn3feysa9,2024-07-16,10,
nps_j81cz3bg37,usr_e2s190ptx2,2024-11-22,8,
nps_upd7i6w2tk,usr_k3qvrgalpj,2025-05-02,8,
nps_4iztpii7uf,usr_kdqxls6j9t,2024-07-07,8,
nps_2k6bpdjbpr,usr_7emnm1fnvh,2024-10-04,9,This has significantly improved my workflow. Thank you!
nps_5yuxujxwcq,usr_3dtg3ctabs,2025-04-13,1,
nps_h08mxlt5qi,usr_8bniuvkli8,2025-05-20,10,
nps_3g1lhw9e00,usr_95uioylmlj,2023-11-23,8,I've recommended this to all my colleagues. Simply amazing.
nps_nq2kot4v1m,usr_zft7frrf01,2025-04-01,6,"Some features are great, others need work."
nps_8fml24hf5t,usr_ambcpjyqdh,2024-09-19,5,
nps_aj4kpm1zxr,usr_yb3ae316dz,2025-01-07,3,
nps_nw2stkna5g,usr_hjp2xodix8,2024-03-24,5,"The UI could be more intuitive, but otherwise satisfactory."
nps_uijy466b0m,usr_lypztecqey,2025-04-27,10,The recent updates have made this even better. Keep up the good work!
nps_3own359it0,usr_s35q0x88ef,2025-04-09,5,
nps_x7ckga7huq,usr_nziiv80q6x,2024-12-06,9,The recent updates have made this even better. Keep up the good work!
nps_bo0kkgu3tp,usr_kyp69an7iz,2024-06-16,9,
nps_3fs0bpv2fn,usr_429pb90b7b,2025-04-12,8,
nps_pwpx530edz,usr_nfimej8gkl,2024-06-29,2,
nps_jhg9ce88ag,usr_o07tgt4n4u,2025-04-27,6,
nps_wba4raptml,usr_z497gg3ljd,2025-04-02,8,
nps_6dhx1sukgg,usr_ty0w7qx8e5,2025-04-11,7,
nps_0hwua1jdo6,usr_bcpe8vyjw9,2024-05-22,7,
nps_p9iibo8pwc,usr_728juqo7a6,2025-01-15,7,
nps_flaadmlle8,usr_9m2qzqlab7,2024-09-15,3,
nps_bq8dk60rix,usr_vdcq6ojq7m,2024-06-18,10,
nps_euzgq8cldv,usr_2qpyd6ogvv,2025-05-17,6,
nps_yf3di3j02q,usr_keibu011w2,2024-06-21,8,Great value for money. The premium features are worth every penny.
nps_vyxl501v41,usr_1cyi98brc6,2024-07-26,6,
nps_hjjh1z5xei,usr_ywb0x86rbo,2024-04-26,10,
nps_5lfvcsbmy5,usr_d04xp2ifyw,2024-09-26,10,
nps_euu0nmxg4d,usr_bn9wpc8a0t,2024-10-25,9,
nps_luj3yx7auv,usr_8davqxaanx,2025-03-21,7,I can't imagine working without this tool now. Essential!
nps_sgoozhp4i3,usr_p8g85r8h1k,2024-06-18,9,
nps_oy4fcgcsd0,usr_dlisgprhy7,2025-05-18,7,"Works as expected, nothing special though."
nps_n9g7wqxv2x,usr_15f9xuvg2a,2024-04-05,7,"The UI could be more intuitive, but otherwise satisfactory."
nps_31xp00quko,usr_wugtn9nyzj,2024-06-26,10,
nps_6nafktchxq,usr_7ywf1dzsyc,2024-11-07,9,
nps_9vahxs6q9k,usr_7xcx6cafbh,2024-04-28,8,
nps_cgprqxk3p3,usr_w2ljnsmikb,2025-04-03,3,
nps_93x09ugew6,usr_vxrt50mbes,2025-01-13,10,Customer support is outstanding. Always prompt and helpful.
nps_98eebwovzx,usr_uiimamoph5,2024-10-15,10,
nps_u2x2xwhydz,usr_2tdo0c37nn,2025-02-09,7,
nps_fv97r1im32,usr_j43u0sgjet,2025-05-11,8,
nps_m8643o4jiu,usr_ykoiry6jem,2025-03-28,3,
nps_1bi7sspuvo,usr_uxqnfzxzfx,2024-01-02,5,
nps_37664yp8au,usr_k4pd63qlyh,2024-10-30,9,Great value for money. The premium features are worth every penny.
nps_lfkr2t12ul,usr_etx9t4t6os,2024-12-10,9,I can't imagine working without this tool now. Essential!
nps_pjjh2cmv6j,usr_hdlnco2reb,2024-10-23,10,
nps_nfo4q2ixu4,usr_fzkk5lohg0,2024-11-17,5,
nps_x0lxm01amk,usr_kprp4a3i90,2024-10-05,10,
nps_ji3dx8ehvc,usr_d327soh416,2025-03-05,1,
nps_dvnzromkoi,usr_p030zjseji,2025-03-23,10,
nps_r0zcnv7zt4,usr_fgyqymlx1p,2025-04-06,6,"Sometimes slow, but generally reliable."
nps_klx8l9z855,usr_y743c38sdq,2025-03-07,9,
nps_8qlihyntpf,usr_mktu2bx33f,2024-12-24,9,
nps_tj0vrps1zy,usr_wqhh06radu,2025-05-18,6,
nps_4139ab15dw,usr_j0tk7yvgkj,2023-03-05,10,The interface is so intuitive. Best app I've used in years.
nps_7bicrnau49,usr_ghmli0krz0,2023-06-22,0,
nps_vht94td9l3,usr_xcd9rphasg,2025-01-28,9,This has significantly improved my workflow. Thank you!
nps_g0ds83ezms,usr_y71tolojsr,2025-05-09,7,
nps_6vp95dg7h7,usr_nc7gtaio9c,2024-09-26,6,"Works as expected, nothing special though."
nps_lmfgkmyp4j,usr_5u21rg8ypp,2024-10-27,9,Customer support is outstanding. Always prompt and helpful.
nps_40jqhxc90t,usr_13m5xnin08,2025-02-11,8,
nps_d1l9ztsa1h,usr_litnglqd60,2025-03-20,7,This has significantly improved my workflow. Thank you!
nps_y325of4mgo,usr_u263v34qcc,2025-01-20,9,This has significantly improved my workflow. Thank you!
nps_p38dbkwbu5,usr_kb1mg5gip6,2024-11-08,10,
nps_a7i78vam26,usr_j1xcy6rtvv,2024-08-16,0,
nps_28thfi9ys1,usr_9t46yqqcir,2023-07-23,7,
nps_ksbtc4ecoh,usr_uqpx6dcybp,2024-12-01,9,
nps_tzt599i78l,usr_59fx8jwaoz,2025-05-12,9,I've recommended this to all my colleagues. Simply amazing.
nps_lpxws3y3c7,usr_3zmkfdvr5f,2025-04-20,2,Customer support never responded to my issue.
nps_jyyxqkw1lb,usr_5epfll6pj7,2024-04-04,5,"The UI could be more intuitive, but otherwise satisfactory."
nps_hebrbcuppo,usr_z4nrrt35hm,2025-03-21,8,"The UI could be more intuitive, but otherwise satisfactory."
nps_4r6lhtvxhh,usr_b566r1jhn6,2024-09-16,7,
nps_at2wd9hncr,usr_c0zxwgq5rs,2024-05-19,7,
nps_en35gjnukq,usr_u54otcutez,2024-12-09,4,
nps_ofaaefetpt,usr_78hm2ao3sp,2025-05-12,9,
nps_gpu9ffpxyh,usr_tumgca3gzy,2025-03-05,9,
nps_g3pkj3tnl9,usr_n2dtuvsz98,2024-10-20,8,
nps_q0bn8b1xmx,usr_p6xb358c5q,2025-04-21,10,The interface is so intuitive. Best app I've used in years.
nps_5u7rc6vss3,usr_o6fqowlrcv,2024-08-02,9,Customer support is outstanding. Always prompt and helpful.
nps_b67sg07jt9,usr_j8p3hwvr7e,2024-05-26,9,I can't imagine working without this tool now. Essential!
nps_htg6kolfq0,usr_1yqxo7mktr,2024-03-10,6,
nps_vpbc2nckt9,usr_zbyj72gz09,2025-03-02,5,
nps_weey49sscw,usr_z7ets9coc8,2025-02-03,6,
nps_dd9hjy7gs9,usr_achcdgnc5p,2025-04-04,8,
nps_ssdq4b0bil,usr_hmnmg3gizb,2024-08-31,2,
nps_ohx8b1lekx,usr_cmhdjph3co,2024-12-19,8,The interface is so intuitive. Best app I've used in years.
nps_zjl7eu44jd,usr_7wjzyheyo9,2025-01-04,8,
nps_qv0cvpaswt,usr_7s22n5ecpi,2024-08-10,3,
nps_b8qdv95if6,usr_cz94bv0li8,2024-10-15,7,
nps_pnqzthdw0a,usr_l92154l3tz,2024-04-22,9,
nps_57cf67cyly,usr_olfbwflz3b,2023-11-20,9,
nps_36r0sn9pvq,usr_btj5mjox36,2025-03-06,0,
nps_zjigc7vh10,usr_tg37649e5v,2025-05-06,9,
nps_b5aa4xxy95,usr_4pfyx7jcs2,2024-05-23,10,
nps_ufbx0af499,usr_5j57zdhn0y,2025-05-16,7,
nps_p280w79m9y,usr_2ai1txnl2d,2023-11-20,9,
nps_06fp6ok5dx,usr_lwk4bj0pg7,2024-11-27,8,"It does the job, but I've seen better alternatives."
nps_wyec9q88d4,usr_ayia0tj8d7,2024-10-30,10,I've recommended this to all my colleagues. Simply amazing.
nps_wqikwi58y9,usr_gzxdw6p5it,2024-09-25,9,
nps_wnyfqw0q76,usr_ilqtv7dodn,2024-12-24,1,
nps_qfk62undva,usr_5bpkxab2ld,2023-08-22,7,
nps_y5gvhalrkh,usr_v1auatbwfm,2024-08-15,3,The latest update broke several features I relied on.
nps_ehz1tg6scd,usr_r705y51jg1,2023-03-11,9,This has significantly improved my workflow. Thank you!
nps_fgxl1hjr29,usr_2spfl0rnc0,2024-04-19,0,Not worth the price. I'm considering cancelling.
nps_exik6gca93,usr_l6otpq3f00,2024-08-24,9,
nps_v223y13wzi,usr_ocwb6n5f49,2025-03-27,5,
nps_kqdgldfabg,usr_d99u0rmdry,2025-01-18,10,
nps_l95uo140v4,usr_7yhvp8kdoc,2025-05-10,0,
nps_kx9hlytoz5,usr_65pu3w1i5v,2025-02-01,7,"It does the job, but I've seen better alternatives."
nps_lzdr2sqeal,usr_e2bnbfdhlo,2024-10-10,10,The recent updates have made this even better. Keep up the good work!
nps_uxnv6gm90e,usr_jy3jzhn1zf,2024-10-08,0,
nps_hrnxkjwkcm,usr_iat0sd4fzs,2025-02-17,10,
nps_zw5f9sa6a5,usr_ljjfgb7a3m,2024-12-14,3,Customer support never responded to my issue.
nps_uxoikikaii,usr_ubvj819eyp,2023-10-03,7,
nps_99pcm97oia,usr_14lhui6w7j,2025-05-17,9,
nps_pppd73obvd,usr_suno8vu2l6,2024-12-15,8,
nps_h33hu8e3hy,usr_9q47islzuu,2024-12-09,5,
nps_2awvp7tphg,usr_wj29rq2afl,2024-10-02,7,
nps_av8f6v1znm,usr_mpev6kiq6r,2023-10-30,3,
nps_0msxg1f4ch,usr_eloy889p3s,2024-10-29,7,
nps_ys28vuj9gg,usr_6mydld7fu0,2025-05-07,5,
nps_2oa3hr5l16,usr_7cbpya47oe,2025-03-13,10,
nps_mpqbodaaib,usr_326rdju1t1,2025-05-01,8,
nps_y8dvo4qn09,usr_3sp61oh8y4,2024-09-22,9,Great value for money. The premium features are worth every penny.
nps_8h86hiyav3,usr_ze8olkxbal,2024-12-13,9,The interface is so intuitive. Best app I've used in years.
nps_w4dzr6iy6c,usr_mxmuevrm0j,2024-03-05,10,
nps_ho3hyclx9y,usr_w00gqk4iuv,2024-07-05,8,Customer support is outstanding. Always prompt and helpful.
nps_ntcjoferdq,usr_ildhbwmnq3,2025-02-20,10,
nps_buf6fufyjb,usr_tylkzbwbmh,2025-03-26,8,
nps_a2qxq6bbne,usr_rjj5efmmzb,2024-12-05,10,I've recommended this to all my colleagues. Simply amazing.
nps_l2k4xtnov4,usr_w8pzxyh9gt,2024-06-28,6,
nps_55qrxla212,usr_tgok51yvue,2023-06-25,10,
nps_e8qhwt2aj8,usr_hfylczzqt7,2024-12-22,4,
nps_88bza56h2j,usr_b4in9jd3la,2025-04-26,3,
nps_a5yhxa6csa,usr_b652od27vg,2024-08-08,10,
nps_unxrflkvnh,usr_ujla4hd8jg,2025-04-10,6,
nps_65qsch3d7i,usr_z9msnue2fb,2025-02-17,0,
nps_5h2hzzg1sm,usr_wac4x9xos8,2025-04-09,9,
nps_jdtdyp4k2b,usr_8zp97ygwge,2025-05-18,10,
nps_jak97isre2,usr_qn9aj0ngf2,2024-11-08,9,I've recommended this to all my colleagues. Simply amazing.
nps_ddds4vqyac,usr_92xgrz9y50,2025-03-02,7,
nps_trql6ti383,usr_vugayf7mpd,2025-03-31,7,
nps_rqr5jbpjk7,usr_g66ki4vt27,2024-12-17,10,
nps_3ihbopjxo9,usr_04y8sab4p7,2024-10-13,10,
nps_gjnappqzpf,usr_z76cswvnkk,2024-09-24,2,Too many bugs. Needs better QA.
nps_flu6en1l6e,usr_ct6k9fzavk,2024-08-29,9,
nps_rizg2eayyx,usr_rrlfrk2xu9,2025-03-24,10,
nps_h3jpzg54xs,usr_i2ymyb4yeb,2025-02-20,8,
nps_cbym829fxn,usr_k0x90hfd9a,2024-06-24,5,"It does the job, but I've seen better alternatives."
nps_sd6rd8pa2c,usr_os3yei48bt,2024-07-27,8,
nps_tctjvwktyo,usr_24185m5dyb,2024-11-12,9,
nps_39aoypl9wz,usr_n29e80o9ur,2024-10-30,10,
nps_j6nt5joprc,usr_9cjz2s9pk2,2024-12-02,7,
nps_nwmfnuj46z,usr_saofm095j1,2024-05-02,0,Not worth the price. I'm considering cancelling.
nps_40gx8wchhv,usr_gn7kn4boel,2025-03-07,10,
nps_cr8y6wpu89,usr_z02cde1ii4,2023-08-05,4,
nps_0ianhhpjuf,usr_2u7pf8ruew,2024-04-12,9,
nps_peb80hhujn,usr_a2u1pfsnbi,2024-04-17,1,
nps_psg5wv0cz1,usr_d7rp9fz8we,2023-11-14,7,
nps_m3anxpj6ox,usr_wxynr9dhih,2024-05-21,9,The recent updates have made this even better. Keep up the good work!
nps_07grakxpr3,usr_sp8e0infm9,2024-09-03,8,
nps_kpxxn25ewk,usr_aw46knakln,2024-12-05,6,
nps_vnucv3d00n,usr_n8vmxo87sq,2025-05-20,10,This has significantly improved my workflow. Thank you!
nps_r279ufprmz,usr_sfzg6yry06,2025-03-08,0,
nps_3n0fa3afbj,usr_pah5numc07,2024-02-16,10,
nps_bhn3n4y7gn,usr_sr577b09v8,2023-11-05,10,I can't imagine working without this tool now. Essential!
nps_k3i6jnanwk,usr_egsaplg6c8,2024-04-30,8,"It's okay, but there's room for improvement."
nps_vhtdmq4muq,usr_urfm3hdlrz,2024-08-25,9,
nps_751g6z1tqh,usr_sird5yzbro,2024-08-09,3,
nps_ih6d2tey89,usr_yyukja84xv,2024-11-20,8,
nps_1ax09nrx1p,usr_cvjfa5ixql,2024-12-24,8,
nps_d96ig430n8,usr_snqqjxvwzd,2024-05-12,8,Great value for money. The premium features are worth every penny.
nps_oajydlc2hv,usr_j0cx6ch4vi,2024-09-24,1,Very disappointed with the performance issues.
nps_e8plg68d0h,usr_dnhi8bmtjx,2025-04-19,3,
nps_g69hz57eie,usr_y5m6huc83z,2025-05-19,0,
nps_efi9g1r8dt,usr_c07f6vg5ak,2025-02-11,8,
nps_am8p6t48vo,usr_um2z0k4a3u,2023-12-16,8,
nps_6qgt89hqp7,usr_0h9c0zmick,2024-10-05,7,
nps_vu0yghr0tj,usr_6fck8kb06c,2024-04-13,7,
nps_jpb453dzpf,usr_3fj9heu2nx,2025-02-04,9,
nps_fpfag835uz,usr_ihzu25vfek,2024-10-27,6,
nps_xsgxq64ks4,usr_4da9vw98j1,2025-03-08,8,
nps_ii6jqii2qs,usr_piihfr4zqf,2025-03-01,5,
nps_slxxesyg9f,usr_fp76dajuc7,2025-01-30,2,
nps_k1hewwlp5r,usr_73f9mzbqcd,2024-11-30,10,
nps_akgovcttwu,usr_qvgs4ipkui,2025-03-09,7,This has significantly improved my workflow. Thank you!
nps_kgmtdg6yik,usr_ctbcl3kgbm,2024-07-08,9,Love the product! It's been a game-changer for me.
nps_0g3thztemm,usr_zvi531n286,2025-04-27,10,
nps_3qtk90kfmw,usr_u3qglom5u7,2024-12-23,10,
nps_uatlp6absw,usr_jx3m0lb14b,2024-10-04,10,I can't imagine working without this tool now. Essential!
nps_soq7v2x990,usr_3hg855psip,2025-02-08,6,"Decent product, but a bit overpriced for what it offers."
nps_m0nsvo2ook,usr_jbbf5lin8l,2025-05-18,3,Too many bugs. Needs better QA.
nps_kbrnzjeawm,usr_7dn8zzf26c,2024-04-24,8,
nps_sac30121vd,usr_zn5ltbqxnp,2023-10-30,1,
nps_sbx78i24bp,usr_zujjkgxas8,2025-01-24,2,
nps_g6lzoiv0c7,usr_pzare4nk19,2024-12-24,9,
nps_9dpkivt751,usr_wi15s6gp07,2025-02-10,5,
nps_pgthw54lab,usr_zb33tdyznq,2025-03-24,7,
nps_so2owdu2da,usr_hgj8fntyx3,2024-12-29,10,The interface is so intuitive. Best app I've used in years.
nps_6qxy8zjn2s,usr_6oudpvt792,2024-07-27,5,
nps_qjiq3xwy5n,usr_w226jfs4c3,2025-02-12,10,
nps_op8rp58nr6,usr_ug2pyfput0,2025-03-28,3,
nps_fsueea06g4,usr_tucisa3wn1,2024-10-13,10,I've recommended this to all my colleagues. Simply amazing.
nps_bq3xhb3x9g,usr_z8lyzay1ut,2024-01-21,8,"Decent product, but a bit overpriced for what it offers."
nps_gufxnj8xvx,usr_cacsc3ieou,2025-03-17,7,
nps_eswj26o4tw,usr_dctonvw523,2025-03-23,4,
nps_brponcj8am,usr_w04m221ckj,2025-05-03,9,
nps_gldeizzriy,usr_feg472v0fr,2025-02-11,10,Great value for money. The premium features are worth every penny.
nps_y4fprsoc2z,usr_y0phbmeje0,2025-05-17,8,
nps_mdmjhxw852,usr_xwpwfhcx11,2024-06-13,10,I can't imagine working without this tool now. Essential!
nps_p1xkb6ifus,usr_2ong9j85dd,2024-12-02,6,
nps_n3d1loc5t4,usr_5fwrzmb9t0,2024-04-16,8,I can't imagine working without this tool now. Essential!
nps_k7d5h7lett,usr_9tm2i3g1un,2024-10-09,3,The latest update broke several features I relied on.
nps_xisn0r4elc,usr_tc5z83whei,2024-11-11,10,
nps_n2sw3wjqxl,usr_m64z3sdeie,2024-07-26,5,
nps_9s5t5paj6m,usr_soev0fmvhb,2025-04-11,10,This has significantly improved my workflow. Thank you!
nps_9opikf8omg,usr_icvlo2w1ej,2024-08-14,10,
nps_shcaezurfh,usr_u0p3ity2yk,2024-06-24,10,I've recommended this to all my colleagues. Simply amazing.
nps_nnphsuu1gf,usr_2536k8hnor,2025-05-04,10,
nps_6eq1wn6vzi,usr_1pxuvxw9qv,2025-02-25,3,Customer support never responded to my issue.
nps_wendxcazjf,usr_n72i6l1332,2025-03-28,9,
nps_vpc7cpsfom,usr_b674dr62il,2025-05-03,5,"The UI could be more intuitive, but otherwise satisfactory."
nps_mlxrp4ult5,usr_jfo5kpzj7m,2024-11-28,2,
nps_rurutkm2a3,usr_4myd34rorp,2024-09-30,9,This has significantly improved my workflow. Thank you!
nps_q03q9qxddu,usr_h9pkej5bnj,2025-01-28,9,
nps_i427pxp2z1,usr_gzwwvtvmx7,2024-09-27,9,
nps_k2u8w75jux,usr_1xti2csw36,2024-02-03,10,
nps_g7ktuoiv4h,usr_uss8zblw7i,2024-11-20,4,"Decent product, but a bit overpriced for what it offers."
nps_nn9u6si2e9,usr_39o6fof108,2025-04-16,5,
nps_4c3nlfkjl9,usr_zwdyshbmx0,2025-05-18,10,
nps_s4a5dzabb7,usr_ijcqyl97pp,2024-12-16,4,
nps_nnkymhyb9e,usr_iewz888wkm,2024-07-25,10,
nps_ogr4xc8fru,usr_zpz7ft7u2s,2025-01-21,10,
nps_9rwiu5usb3,usr_gc2u2jdcvs,2024-02-23,9,
nps_6dz8s2z5u2,usr_iyhf5ck2ip,2023-12-14,10,
nps_iy42r6qdij,usr_8uc2gchggn,2025-03-29,8,"It does the job, but I've seen better alternatives."
nps_f4mm1n693f,usr_ntyqsjyndr,2024-08-21,7,
nps_f0ad8ron86,usr_gb5fi62cee,2025-04-27,7,
nps_neydzauo39,usr_1xezvmfrza,2024-05-12,8,
nps_5y8gionexk,usr_7z2d61qb7g,2024-10-04,5,
nps_3cwt2vahyh,usr_143xcwqkfz,2025-03-09,10,
nps_bk3de6kvrm,usr_x6u09jksfz,2025-03-21,10,
nps_tt02soj7gq,usr_htn82jo7dc,2024-07-07,10,
nps_b52v9w5i9x,usr_14e244anf2,2024-10-04,7,"It's okay, but there's room for improvement."
nps_lurqj8kycv,usr_ufcvxmf0ta,2025-03-22,7,
nps_umbtdff788,usr_x0gspejlo4,2025-05-03,10,
nps_khziigj6vk,usr_exq3lgfujv,2025-03-03,10,
nps_wfx550unj1,usr_vru5m9kofa,2024-11-02,0,Too many bugs. Needs better QA.
nps_hvi4mpo8rk,usr_ljb3r84mqk,2024-03-02,7,"Decent product, but a bit overpriced for what it offers."
nps_iob0rv50w1,usr_kxst0olgre,2025-03-29,9,
nps_a0fvar4nf9,usr_40hj08s413,2025-01-12,7,
nps_ycb0h5hxcw,usr_ui8nx6q8jw,2023-07-21,7,
nps_t1nsijszx4,usr_cjhq69p1q5,2025-04-14,5,
nps_vs9iftsx5a,usr_8gavu9ifl0,2023-02-05,9,
nps_3cxzxsw5i2,usr_nxtlbilnu7,2024-07-15,9,The interface is so intuitive. Best app I've used in years.
nps_99prtz089j,usr_b1ao4vnj4d,2025-02-06,0,
nps_jslwp9u5h9,usr_ugloxq5tgq,2024-12-23,7,"The UI could be more intuitive, but otherwise satisfactory."
nps_ljvwxqur89,usr_gjirqrud3z,2025-04-13,8,
nps_sezfrpkf0y,usr_2mqdcyjdgl,2025-01-05,5,"Decent product, but a bit overpriced for what it offers."
nps_o58r6pt565,usr_7riskmi2fn,2024-12-31,10,
nps_h7yo0jvdco,usr_og3y6th853,2024-12-31,10,
nps_090jmiuq55,usr_5jhrwmsqat,2024-08-20,6,"Sometimes slow, but generally reliable."
nps_080x39kqej,usr_p3ibkdl9dj,2025-02-17,6,
nps_28ni4qa5lz,usr_nuaavl9pdv,2025-04-10,4,"The UI could be more intuitive, but otherwise satisfactory."
nps_qo3z85pbq5,usr_3uds6jiusr,2025-01-21,10,
nps_fst1lirkmu,usr_n1zojgqiai,2025-02-22,3,
nps_r9w686ramr,usr_sw0z56d7gb,2024-04-11,7,
nps_tixq4iths8,usr_d4ofgy618k,2025-02-19,9,
nps_0owf815lij,usr_r9x1bai8tx,2024-05-18,8,
nps_6j756atk4g,usr_4tatxiaqvn,2024-11-08,0,
nps_baxniqyetm,usr_mz9xknh6ei,2024-03-09,8,
nps_ta22t8p3fa,usr_tnb3aji368,2024-11-19,9,
nps_9t2a8f4baq,usr_gsbtly13oi,2025-03-17,0,
nps_oia4af2nem,usr_ypr7qgsh7f,2024-07-26,9,I've recommended this to all my colleagues. Simply amazing.
nps_wip8r0d3n4,usr_ysslc83bxk,2025-01-03,1,Very disappointed with the performance issues.
nps_a8rlal17u9,usr_svbtix65zc,2025-04-30,10,
nps_z70w5ltshk,usr_3b8nlhavv8,2024-04-03,9,
nps_bvtbl92jor,usr_f9maydfe08,2024-11-08,10,
nps_ofnlxj45j5,usr_viyqqhrqsz,2024-09-15,5,
nps_jg9fbn0rqh,usr_j5ei55jmu7,2024-03-29,4,
nps_bup95mm6fb,usr_myh6jaouf6,2024-06-25,10,
nps_35t7xh7dcv,usr_y68d0l7qdp,2024-12-18,7,This has significantly improved my workflow. Thank you!
nps_ponpy65t3y,usr_rsu6kycypo,2025-02-21,10,
nps_ozt3yq2byu,usr_07bwus97og,2025-01-21,3,
nps_lc9hwfi6kn,usr_j5hgigiswd,2025-03-25,0,
nps_xq08xaqb05,usr_8rylbx67nt,2024-12-31,2,The latest update broke several features I relied on.
nps_1adud3bwbr,usr_qxsgihwtzk,2023-07-30,9,
nps_20hu81xiac,usr_961j00xr43,2024-09-05,9,The recent updates have made this even better. Keep up the good work!
nps_vqp0skp934,usr_gx63yv2ckn,2023-02-12,8,
nps_123pgh4blr,usr_g5oeo0aby2,2024-04-03,6,
nps_9qh89zhg1l,usr_uq9ujdepus,2024-03-26,1,
nps_t7utux2fkd,usr_tpwjohrxt2,2025-05-15,9,
nps_sywg3z3x8c,usr_smy88db72h,2024-10-29,9,The interface is so intuitive. Best app I've used in years.
nps_ylcz55jsf7,usr_7oc1723c0g,2025-05-17,0,
nps_qwfza5npxd,usr_ev3p7gv4qa,2025-02-01,10,
nps_q9qsumddus,usr_txswe4oxyg,2024-07-22,9,
nps_wof7ugrr7l,usr_hkudxvtbjp,2023-06-30,3,Not worth the price. I'm considering cancelling.
nps_ffdkk1fj1f,usr_4pwgogzr0f,2025-05-16,10,
nps_2bpb5yaboa,usr_b5n0in9gux,2025-05-20,9,
nps_pzkrg4d6s1,usr_fss7auok7m,2024-11-12,0,
nps_3cjq8nbj01,usr_nlwssgw4o1,2024-09-27,8,
nps_yj2snwbyoa,usr_o0f93fcgxm,2024-02-15,5,
nps_n0eisfg7cu,usr_m8ekt0buzd,2024-12-12,6,
nps_svxllys718,usr_m8vcm6qnwr,2025-02-01,1,
nps_1re64vysjk,usr_nlywmj4s63,2024-11-07,9,Love the product! It's been a game-changer for me.
nps_jq42bk7t9j,usr_xjybbtm4wq,2024-09-07,10,I've recommended this to all my colleagues. Simply amazing.
nps_2rwowns230,usr_o1p898v4zs,2025-04-30,7,
nps_6js66h4gyg,usr_3j13i8ve4m,2024-12-24,10,Customer support is outstanding. Always prompt and helpful.
nps_2hn1t10s3l,usr_xy946lgpr4,2024-12-12,6,
nps_ehemla7i89,usr_cjfgar9zua,2024-12-12,10,I've recommended this to all my colleagues. Simply amazing.
nps_5regyk87af,usr_tt6nh41ant,2024-03-12,3,Interface is confusing and unintuitive.
nps_f0pukml3j8,usr_dnr28tsnqa,2025-04-06,9,
nps_13fpo4p74q,usr_bmloh46gjh,2025-05-02,10,
nps_mq7yc90smh,usr_n9o3qv9eki,2025-04-27,10,
nps_54siiwrfsm,usr_b3h7casz0w,2025-02-09,0,
nps_300a2nbcfj,usr_45lh0sdfdk,2024-07-13,9,The interface is so intuitive. Best app I've used in years.
nps_hwi60ubfw9,usr_np1bigonkx,2024-10-12,8,
nps_8kz5zs072j,usr_60sr6upqmv,2025-03-23,10,
nps_4uaas1sc11,usr_76v49kg7jq,2024-03-06,9,
nps_h71hz3laem,usr_2o8ec7pwt9,2025-02-04,9,
nps_gtrp1100a0,usr_kurjtz97a1,2024-01-15,7,
nps_kp540fw05s,usr_ln8lbhw9rq,2025-02-27,1,Too complicated to use effectively.
nps_tw9be79tal,usr_6faogfe0vm,2025-05-01,7,
nps_h21t5iuiec,usr_1eu1j7ncyb,2025-05-20,7,"The UI could be more intuitive, but otherwise satisfactory."
nps_v751zvjpcd,usr_r04uwmnatm,2024-07-12,10,This has significantly improved my workflow. Thank you!
nps_hx93cuo8dh,usr_cp8vis0hei,2024-08-07,8,Love the product! It's been a game-changer for me.
nps_sctxd5dioj,usr_jp7rwy9uly,2024-09-23,6,"Decent product, but a bit overpriced for what it offers."
nps_dugehwznta,usr_lefkhueuhv,2025-04-30,1,
nps_6yr6x3daxf,usr_1ufo2ktqvs,2025-04-21,7,
nps_aufwu88qee,usr_l14f8yng7h,2025-03-18,4,
nps_wjn5mfy6fr,usr_3zyr5e9t23,2025-02-13,9,This has significantly improved my workflow. Thank you!
nps_trmfiftusm,usr_x0d1a8zcb6,2025-02-08,10,
nps_ex3tddjrrq,usr_8sscm2v6f5,2024-09-15,3,
nps_9sflynuigd,usr_hre35riem3,2024-08-12,0,
nps_1gnf96l8sb,usr_sj60pl7004,2025-05-17,6,
nps_ppr7p0y35p,usr_4voaqw30sr,2025-01-30,9,
nps_hghvw6j9ly,usr_6alhdihzcq,2025-03-27,8,
nps_jm1ork6xjs,usr_81ilcb28hl,2023-03-27,9,
nps_eq7mpykw42,usr_0yhzoa2zqh,2023-07-20,10,
nps_anl1r7lgki,usr_plp0nl0g42,2025-05-13,9,
nps_8fg09ouk8k,usr_ixdlou28cl,2025-05-14,9,
nps_rahrenl3ct,usr_l1agl1y8xg,2025-03-19,8,"It does the job, but I've seen better alternatives."
nps_axywqyog1t,usr_wq75ega83i,2024-05-20,9,
nps_eqy356ickt,usr_ywfvt907jq,2024-04-17,0,
nps_sezra003h7,usr_a9l7scq2r0,2024-12-20,9,
nps_h5ohpprr8s,usr_m1omiruxe3,2024-01-27,9,Customer support is outstanding. Always prompt and helpful.
nps_i2rjxzuokd,usr_a0wlu5s7fp,2025-01-17,10,This has significantly improved my workflow. Thank you!
nps_pk54i7al44,usr_11v06dxuxi,2025-05-07,9,
nps_cny750ezwh,usr_jqygopg18m,2024-09-21,9,
nps_1vdzx4y5el,usr_t66m96vsjl,2024-10-11,8,
nps_87n6npwg3d,usr_q7ocbxir0c,2025-05-17,6,
nps_8x5mby8lo3,usr_pw06gd0npi,2025-05-04,7,The recent updates have made this even better. Keep up the good work!
nps_pkxh9wuobe,usr_zi2s72y480,2023-08-30,10,This has significantly improved my workflow. Thank you!
nps_w7onews7w0,usr_5mfesfwa3a,2025-04-27,9,
nps_32g626ahbz,usr_rlrz3j72x8,2025-05-08,5,"Sometimes slow, but generally reliable."
nps_69p94qef1f,usr_q8w5xtd6dw,2025-02-18,10,
nps_18iaq4ixb4,usr_ukk7qzj1d4,2024-12-03,8,
nps_c72qm2blkq,usr_cra4iqg3ox,2025-01-08,7,"The UI could be more intuitive, but otherwise satisfactory."
nps_obqzuq5qyy,usr_f8c7exafod,2025-02-24,6,
nps_lw365s48sm,usr_5dbkzds132,2024-01-04,0,Interface is confusing and unintuitive.
nps_vnau60hlaw,usr_0hwiski72l,2025-02-14,9,
nps_huzfj686i8,usr_k0oxoemos1,2025-02-25,10,The interface is so intuitive. Best app I've used in years.
nps_ykc8dwyjv8,usr_0i3ozl06sf,2024-06-18,6,
nps_ogy6jb8m5h,usr_s5stsuj69d,2024-10-05,5,
nps_szw2v3pbji,usr_6vmo5olygc,2025-03-24,2,
nps_zi2iezpxoe,usr_h1pr0vo9e6,2024-04-02,8,"Sometimes slow, but generally reliable."
nps_f3kk09uuqr,usr_u7uz4netdc,2025-05-04,10,
nps_bqpifsh8ka,usr_ms8rp104er,2025-03-07,10,
nps_0y0iea2bay,usr_zwg1gsyvq6,2024-03-21,4,
nps_j5scfdvg3o,usr_s65ionf93h,2025-05-01,9,This has significantly improved my workflow. Thank you!
nps_xttuyt7zu0,usr_la5by3up8x,2025-04-04,9,The recent updates have made this even better. Keep up the good work!
nps_3ab8bf1sz5,usr_potgps8487,2025-02-28,7,
nps_melbav4bdh,usr_q5gl9kgs6x,2024-08-27,0,
nps_yxwixtvq6c,usr_dxrtfu1zkg,2024-05-07,4,"It's okay, but there's room for improvement."
nps_jgcs4n22oa,usr_hrr5lug0sw,2024-05-10,5,
nps_jl87kyb727,usr_ubnx4x4hgp,2025-02-28,5,"Works as expected, nothing special though."
nps_suy1bniccn,usr_vp9l6ckshb,2025-02-03,8,
nps_fymaskm45q,usr_6sgztff5yw,2024-08-05,7,
nps_swsa2lo5sy,usr_9sqx7pft56,2024-11-23,9,Great value for money. The premium features are worth every penny.
nps_qaqapxhjeg,usr_j4p3sxn7no,2025-01-15,9,This has significantly improved my workflow. Thank you!
nps_i8lpjt6bel,usr_v7wh98gzrm,2025-03-22,8,
nps_y7ugmvwt7t,usr_26cz3p3ad7,2024-08-29,10,
nps_ayubg14utw,usr_phv83c9ty9,2023-06-01,7,
nps_3rj5816xc2,usr_8byhks1u8h,2025-04-17,6,"Sometimes slow, but generally reliable."
nps_ekcs6uj1n7,usr_5cdmuvdu6v,2023-10-19,6,"Sometimes slow, but generally reliable."
nps_ega7dhj0t9,usr_u70nqdwowp,2025-03-30,9,
nps_r59ee480go,usr_afnfh0r014,2025-03-31,10,
nps_2owwhuibhr,usr_bjp8ytf4i5,2025-03-09,10,The interface is so intuitive. Best app I've used in years.
nps_moft2fhx2c,usr_ik0tirybnf,2024-08-31,9,
nps_kgo7oqaxes,usr_yo09ed1yio,2024-02-04,10,
nps_9nqyq5dzpp,usr_iyr8om8b2c,2024-12-10,6,
nps_1qcj3owx4z,usr_hqgmxfcwsj,2025-01-08,9,
nps_cre5k5ggci,usr_tjxquwhicb,2024-11-07,10,
nps_s6nda9ak7l,usr_ypsu3vhk99,2024-12-15,8,
nps_rcmjt9vnk1,usr_gimq02l9ew,2024-08-12,10,