subscription_id,user_id,start_date,end_date,plan,mrr_amount
sub_y8jiry4yym,usr_qykwx3g0rd,2024-10-21,,Premium,20.21
sub_whpekibr1z,usr_844own1io6,2025-02-26,,Basic,12.99
sub_cy8ba6bo14,usr_m5py98jm70,2025-05-05,,Pro,75.33
sub_qum3dtxqxe,usr_qcabyheldm,2024-09-25,,Free,0
sub_s51ep4ocuf,usr_u8xg1gob4f,2023-12-11,,Premium,23.95
sub_b3unizf5yp,usr_3oua3qcivl,2024-07-01,,Premium,43.45
sub_wl2e9i1j3w,usr_ssfyyh7wcu,2025-01-31,,Enterprise,343.33
sub_z6vkvgfij0,usr_n8a4pcvha5,2024-04-09,2025-03-26,Pro,51.76
sub_r4i67jmeyb,usr_htn3feysa9,2025-05-10,,Pro,87.78
sub_e3eciap7d3,usr_e2s190ptx2,2025-03-21,2025-04-11,Basic,15.51
sub_qv2lw0v1gv,usr_k3qvrgalpj,2025-03-24,,Free,0
sub_bw7uaqqsmt,usr_kdqxls6j9t,2024-05-05,2024-09-28,Free,0
sub_4o4w0t5717,usr_7emnm1fnvh,2024-06-04,2024-12-08,Basic,15.7
sub_ao5p4io2ow,usr_lg2mbaez32,2025-03-19,,Pro,94.49
sub_gxuw5m0zj3,usr_y4xehjthh8,2025-04-07,,Basic,16.09
sub_0yfghcxcf5,usr_8bniuvkli8,2025-05-12,,Free,0
sub_ne8zpbjd4b,usr_95uioylmlj,2025-01-23,,Basic,15.67
sub_5pl32wh5v2,usr_z6hk56jx9b,2024-10-01,2024-11-24,Enterprise,428.53
sub_lv99ji6s4z,usr_innxq0da0x,2025-05-15,,Premium,30.72
sub_x3xaagw4s8,usr_zft7frrf01,2024-04-09,2024-05-21,Free,0
sub_jd69q1j5sp,usr_ambcpjyqdh,2025-03-14,,Premium,34.94
sub_24x5bznsfy,usr_0iot29t0lj,2025-04-04,,Free,0
sub_lvk6mxxg6b,usr_knlktzyi7i,2024-12-22,,Free,0
sub_9flbb881ue,usr_qgxew5hnz9,2025-01-28,,Pro,64.48
sub_yt1qlozmff,usr_0w0x0b7ym7,2023-10-05,,Free,0
sub_hsf3w9u46a,usr_yb3ae316dz,2023-12-14,2024-05-04,Enterprise,218.73
sub_wc9p652wid,usr_hjp2xodix8,2024-11-30,,Free,0
sub_02crqbeeap,usr_87mtwx38jl,2025-05-02,,Basic,10.08
sub_46joeqligc,usr_lypztecqey,2024-12-27,,Free,0
sub_khd5ohgzs0,usr_s35q0x88ef,2025-01-31,,Premium,36.69
sub_89ydmvhflp,usr_kyp69an7iz,2024-03-19,2024-08-27,Premium,47.86
sub_87de194b7w,usr_429pb90b7b,2023-09-04,2024-09-13,Premium,29.57
sub_3x58fir3sr,usr_mw693yza8p,2025-02-21,,Premium,20.55
sub_3vzzoq31c0,usr_o07tgt4n4u,2025-02-28,,Enterprise,244.41
sub_gzx5y0o9n7,usr_ty0w7qx8e5,2025-01-06,2025-04-28,Premium,28.56
sub_c5d23avdma,usr_af6u4mas1g,2024-07-01,2025-03-24,Premium,38.16
sub_q138b8ki48,usr_bcpe8vyjw9,2025-04-08,,Free,0
sub_smaipe4b9a,usr_fm3ntbfh8b,2024-10-16,,Pro,69.44
sub_afivgw89e9,usr_9m2qzqlab7,2025-05-10,,Pro,90.75
sub_w020cl03n7,usr_ibqfg4p856,2024-12-01,2024-12-02,Free,0
sub_tqvk1ksvji,usr_fhr9af44kz,2025-03-25,,Basic,12.02
sub_974c77acow,usr_95nj7g7u3s,2023-07-26,2024-06-01,Free,0
sub_oaoux3bmz3,usr_q6aam14zp6,2024-07-12,2024-10-28,Basic,15.82
sub_ftm5sbp93l,usr_vdcq6ojq7m,2024-10-07,,Basic,12.41
sub_afmovf13af,usr_hzj7ukr9qa,2023-07-31,2024-05-17,Basic,18.9
sub_flq82a5wp1,usr_keibu011w2,2024-02-05,2024-10-20,Basic,18.15
sub_3yvklzmhz8,usr_rjl5toakjs,2025-04-28,,Basic,18.23
sub_wznxuezgoa,usr_wgc6aka19i,2025-01-17,,Basic,11.54
sub_j8i2o6lnai,usr_9tbkuv3es2,2024-08-17,2025-04-22,Pro,86.21
sub_n2ocw7ea5y,usr_1vkf21nsbd,2024-02-22,2024-06-22,Premium,44.23
sub_lj3y94iimc,usr_2qad1w0w1b,2024-01-24,2024-12-06,Free,0
sub_z1v4u61emv,usr_ywb0x86rbo,2024-03-20,,Enterprise,458.32
sub_iwa5ubhbav,usr_d04xp2ifyw,2023-12-17,2024-08-18,Basic,11.8
sub_ti23872ewu,usr_jp1x38nyo7,2025-01-12,2025-01-18,Enterprise,272.98
sub_5dt3ibyfk1,usr_dz8vcvy61q,2025-02-02,,Basic,14.65
sub_x80a73g4sm,usr_84b2hjsa7c,2024-10-31,2025-04-18,Free,0
sub_oabevii67v,usr_j3jye4mh5g,2024-05-16,,Enterprise,431.3
sub_z35x4ws807,usr_p8g85r8h1k,2024-11-23,,Premium,34.87
sub_ncjjayezvk,usr_dlisgprhy7,2024-11-12,2025-04-13,Premium,20.32
sub_ofcypwph1w,usr_69ijuv39y0,2025-04-06,,Free,0
sub_9qhprnigpi,usr_w22uidi2j8,2024-12-18,,Basic,12.72
sub_zaqlu4bgj6,usr_5bbzaruc41,2025-03-22,,Free,0
sub_wgwm0wn5le,usr_qlyv0mrwsl,2024-02-15,,Basic,18.44
sub_af3ajiqt0w,usr_15f9xuvg2a,2024-10-11,,Free,0
sub_r7mynpl3b2,usr_wugtn9nyzj,2025-03-26,,Enterprise,316.98
sub_enjztetbyy,usr_zh7pnuceue,2025-03-06,,Basic,17.74
sub_979yh23g1r,usr_l4cbq7th82,2023-03-18,2025-02-11,Premium,20.82
sub_b200ep9oxi,usr_8uxs8h4ca4,2025-04-01,,Premium,46.14
sub_jx11rp3rv8,usr_k24ovooapd,2024-08-11,2024-11-27,Free,0
sub_lbu2h3cy9u,usr_x55bo1wd80,2025-04-21,,Premium,20.12
sub_8bu8f4aqkv,usr_7ywf1dzsyc,2024-12-27,,Free,0
sub_g0u1cshuwe,usr_7xcx6cafbh,2025-04-12,,Free,0
sub_qnfdouapvp,usr_w3odann1qo,2024-12-01,,Basic,14.5
sub_621285fqlp,usr_55ray3quuk,2024-02-20,2025-03-23,Basic,10.55
sub_1f4t2twt4s,usr_w2ljnsmikb,2024-12-21,,Premium,33.94
sub_6doiv1wrq3,usr_hpl8nmxssl,2024-06-08,2024-09-24,Free,0
sub_6wp5m87z2a,usr_xip5qpgyy0,2024-10-03,,Pro,67.23
sub_x7m0vg5dec,usr_bhbnfdp3r8,2023-11-12,,Basic,10.55
sub_t3txfel62x,usr_vuwkfxq5lq,2025-02-10,,Free,0
sub_lkut0v25ej,usr_vxrt50mbes,2024-12-31,,Basic,18.36
sub_ifzyec8k34,usr_2phf6grvp6,2024-02-23,,Free,0
sub_lgdy2etph6,usr_wy8wyuh4ns,2025-02-06,2025-04-15,Premium,41.93
sub_onsei7s6rw,usr_uiimamoph5,2024-11-30,,Basic,18.23
sub_xbukfsiwi2,usr_kmpizhbump,2025-04-19,,Basic,16.53
sub_kvjs0c23na,usr_ppr8gt1i3x,2025-01-27,2025-04-12,Enterprise,259.88
sub_20qlrs95j0,usr_vh135101nq,2024-05-29,,Free,0
sub_zt0ret8trn,usr_6vkx2iquwc,2024-11-10,2025-02-26,Enterprise,389.03
sub_hq533b7685,usr_j43u0sgjet,2025-05-12,,Pro,84.58
sub_m7o67rxzhp,usr_92u73aa1b0,2024-07-01,,Free,0
sub_641spi7s3k,usr_ykoiry6jem,2025-05-07,,Basic,16.15
sub_hiuylffov9,usr_uxqnfzxzfx,2024-09-05,,Basic,16.21
sub_wmzunhhxub,usr_k4pd63qlyh,2025-05-04,,Basic,15.86
sub_tn8bmlyfzb,usr_tfwh5vik6l,2024-06-03,,Premium,44.31
sub_1lxxrpt7hv,usr_iv9sjqi4go,2025-01-07,,Basic,11.54
sub_ss2toyqroy,usr_5n3ct43ccm,2024-09-12,,Free,0
sub_8gdgoq29z0,usr_d327soh416,2025-03-04,2025-04-09,Basic,14.87
sub_tg1vlunem1,usr_6grosrn7el,2025-03-21,,Basic,13.64
sub_4xktb3jg9f,usr_ktugxlfk18,2024-11-18,2025-02-08,Pro,58.35
sub_9h26cw44i9,usr_p030zjseji,2025-04-08,,Basic,16.45
sub_oy0zxtlhtt,usr_pvqoe56t1b,2024-01-01,,Basic,16.04
sub_cdl8v8nkv7,usr_fgyqymlx1p,2024-12-01,,Free,0
sub_eufikydqen,usr_y743c38sdq,2025-04-25,,Premium,27.92
sub_3hig12xzl8,usr_om2o2z9lo0,2023-06-02,2024-08-01,Basic,16.65
sub_9j3fivhdzz,usr_7ye3dqeexl,2025-03-09,,Premium,49.21
sub_l48b192t3e,usr_h4930xwldz,2025-05-14,,Basic,13.79
sub_5je544yy54,usr_emvmn15zx2,2024-05-28,2024-11-01,Premium,27.61
sub_dzcewof2qx,usr_vx34dgnco1,2024-07-17,2024-07-25,Free,0
sub_6gu7gwmbu9,usr_86p08f6xw1,2025-01-27,,Pro,81.18
sub_fosxxff8ky,usr_6rxcd6ocip,2024-12-24,,Premium,24.13
sub_leta15ln4x,usr_jv2pyp1t58,2024-04-11,2024-06-04,Premium,37.24
sub_qiwae0a0wu,usr_j0tk7yvgkj,2023-05-30,,Free,0
sub_liz3zhwzm3,usr_ghmli0krz0,2024-02-29,2025-02-19,Basic,11.34
sub_ex3dakkvgv,usr_xcd9rphasg,2024-11-02,2025-02-11,Basic,12.83
sub_1lw0etneao,usr_y71tolojsr,2025-03-22,,Basic,13.47
sub_1a7u16hmq2,usr_5u21rg8ypp,2024-12-13,,Premium,42.74
sub_j0yhmafdu6,usr_4wtirx7xkp,2025-05-07,,Basic,14.06
sub_c05yjo4vke,usr_13m5xnin08,2025-01-28,,Free,0
sub_c7dc2imrdi,usr_0izai1cpy1,2024-02-24,,Basic,13.68
sub_31dxrbtkxg,usr_a95ti13ap0,2024-11-14,,Premium,44.54
sub_qgudq81wb9,usr_litnglqd60,2025-04-28,,Premium,28.12
sub_2rqwsva873,usr_1rj02toq6q,2024-12-05,,Free,0
sub_1f3zkjkjr9,usr_u263v34qcc,2025-03-07,,Basic,16.71
sub_tjf3x4aub9,usr_kb1mg5gip6,2024-06-22,2025-04-16,Free,0
sub_w1k2drh29l,usr_9t46yqqcir,2023-07-12,,Basic,10.64
sub_6xaheec7uf,usr_ybi5y1t9et,2024-03-20,2024-10-14,Free,0
sub_h0fjsm7atg,usr_59fx8jwaoz,2024-03-14,2024-11-22,Pro,63.27
sub_dgy5rips0c,usr_3zmkfdvr5f,2024-08-03,,Basic,18.15
sub_92sqwf4bji,usr_5epfll6pj7,2024-03-04,2024-10-22,Basic,15.93
sub_2p6pupjy13,usr_ntd1lifs7k,2025-05-20,,Free,0
sub_eyzd8eiyq8,usr_kuczrwq8tw,2025-03-18,,Basic,17.26
sub_9bcbjot23s,usr_z4nrrt35hm,2024-12-14,,Pro,81.4
sub_qm56bi2exx,usr_b566r1jhn6,2025-04-07,,Free,0
sub_pcxi7n1ubd,usr_u54otcutez,2025-01-09,,Basic,17.71
sub_f4d0rqxeqc,usr_78hm2ao3sp,2025-04-09,,Premium,49.26
sub_mwqgbfyfj7,usr_tumgca3gzy,2025-03-15,,Free,0
sub_wca03jc3tb,usr_n2dtuvsz98,2024-11-10,2025-03-28,Basic,10.31
sub_zkzuueeqwx,usr_p6xb358c5q,2025-04-03,,Free,0
sub_3irzzy7baa,usr_1naw9swbfs,2025-05-17,,Premium,36.76
sub_c14e368np8,usr_nf9opj1bht,2024-10-04,,Premium,23.48
sub_ahuaip7rvf,usr_o6fqowlrcv,2025-02-09,,Basic,14.21
sub_s1bkgoeb2g,usr_td7hw6bm65,2024-04-18,,Free,0
sub_6y070v792y,usr_qgj78f5asy,2025-04-10,,Premium,32.52
sub_ciohe4hydz,usr_q5fsc8frpf,2024-12-26,,Free,0
sub_1skyihtl1g,usr_zbyj72gz09,2025-04-12,,Free,0
sub_8eabxnfrqx,usr_7l8ep0uro4,2025-01-05,,Basic,17.44
sub_gsxx12umt8,usr_z7ets9coc8,2025-04-09,2025-04-21,Pro,88.46
sub_pgobk4mf3n,usr_rnk19l4gq7,2025-04-05,,Free,0
sub_y8p4dnnnrp,usr_achcdgnc5p,2025-02-14,,Premium,33.37
sub_p1xghlhrtk,usr_hmnmg3gizb,2024-10-09,,Basic,16.87
sub_t3hak0b8z6,usr_cmhdjph3co,2025-05-01,,Premium,39.01
sub_d42tdyubs2,usr_aun889u0rz,2024-07-03,2024-07-15,Premium,20.71
sub_2tncyvmpih,usr_m438xgu9o7,2025-03-15,,Premium,40.58
sub_vabgrtugeu,usr_7wjzyheyo9,2024-03-23,2025-03-17,Free,0
sub_pepumsxmzz,usr_7s22n5ecpi,2024-03-21,,Pro,62.98
sub_od5eaiogln,usr_cz94bv0li8,2024-08-18,2025-02-04,Basic,15.18
sub_yaypn56z0w,usr_xbbjh5hdcc,2024-12-27,,Pro,50.89
sub_qmt9l3rx9h,usr_l92154l3tz,2024-06-09,,Premium,47.17
sub_untc8s6qzs,usr_olfbwflz3b,2023-04-26,,Free,0
sub_z7by1riwp7,usr_e6vkmctivo,2024-05-05,2025-04-14,Basic,18.87
sub_r87m5ceykj,usr_btj5mjox36,2024-08-07,2024-08-27,Free,0
sub_mkh6al9w17,usr_yuz10kmyc8,2025-03-10,,Premium,35.13
sub_dg5azljq16,usr_tg37649e5v,2024-11-19,,Basic,13.84
sub_4bdagmak1u,usr_mzovdzlw7p,2024-10-02,2025-02-09,Pro,74.17
sub_mqufp70c7d,usr_4i7ipdxkv5,2024-07-18,2024-11-24,Free,0
sub_a4gly6ywr0,usr_4pfyx7jcs2,2024-05-01,,Pro,91.76
sub_8jds0vm5qd,usr_dbvziwdmak,2024-04-10,2024-07-09,Premium,39.48
sub_ks65xppudp,usr_9y383lk0mb,2023-12-27,,Free,0
sub_nmt8c23wpn,usr_2ai1txnl2d,2024-09-01,,Enterprise,331.84
sub_scdu31tmqr,usr_x05mmx8r81,2025-05-05,,Basic,18.18
sub_dsilqdqokh,usr_lwk4bj0pg7,2024-05-13,2024-12-09,Premium,24.71
sub_i0kmpmfip1,usr_ayia0tj8d7,2025-01-19,,Free,0
sub_lvodh57i33,usr_gzxdw6p5it,2024-07-27,2025-03-27,Free,0
sub_a84m9ohen8,usr_awjojgv4tn,2024-07-17,2024-10-28,Basic,11.5
sub_543wfi0n0i,usr_cim9oafkww,2024-12-14,2025-01-11,Premium,29.7
sub_21x4mx42t5,usr_5bpkxab2ld,2023-09-20,2024-08-26,Basic,11.44
sub_31zuv9vwvm,usr_r705y51jg1,2023-11-16,2024-11-06,Free,0
sub_swa1w5w2ub,usr_2spfl0rnc0,2024-02-08,2024-05-21,Basic,18.75
sub_1nkv1ixlcq,usr_l6otpq3f00,2024-05-10,2024-09-19,Basic,18.09
sub_kpghx8e028,usr_ch4luqqa80,2024-08-27,,Pro,51.85
sub_rwcb98wbtm,usr_d99u0rmdry,2025-01-03,,Enterprise,368.6
sub_mg5thlh81b,usr_7yhvp8kdoc,2025-04-09,,Enterprise,412.42
sub_qt86vdqnux,usr_albd8ue58h,2024-03-07,,Free,0
sub_rax7ftwhe4,usr_r0wm2hh1sn,2025-04-09,,Free,0
sub_dyu0nin1xo,usr_jy3jzhn1zf,2025-04-20,,Free,0
sub_yymw6d8y5c,usr_iat0sd4fzs,2024-09-22,,Premium,39.21
sub_2rsqj4zzx9,usr_vltkj87jh2,2025-05-15,,Free,0
sub_lgu2a6ba6g,usr_3xzvxza0t0,2025-05-05,,Pro,58.92
sub_iohjyear5l,usr_5awe34hfjd,2025-02-18,,Basic,19.52
sub_9pn52n30eq,usr_nx9p6mjz6i,2023-04-10,,Free,0
sub_vce6miswvi,usr_qw44neww4t,2024-12-29,,Basic,10.28
sub_nvf9ljj1st,usr_ubvj819eyp,2025-03-04,,Premium,32.32
sub_g958jhl2v5,usr_14lhui6w7j,2025-05-03,,Free,0
sub_kd9tkdyzpj,usr_suno8vu2l6,2025-02-04,,Basic,11.96
sub_g0dafxx0qg,usr_9q47islzuu,2024-11-09,,Premium,31.36
sub_s052ut5d93,usr_wj29rq2afl,2024-09-13,,Free,0
sub_zlugfpdxko,usr_y1r6b82uuq,2024-02-08,2024-05-19,Premium,22.92
sub_5w6aacoq6l,usr_6mydld7fu0,2025-04-21,,Basic,11.05
sub_8rh6oe6epk,usr_rsgzuskkmm,2024-10-29,,Free,0
sub_0m7uaa6rwc,usr_5llu04z2dq,2025-02-18,2025-03-15,Premium,30.88
sub_nhzpltjb2c,usr_7ldgx6am1w,2024-12-11,,Enterprise,443.2
sub_apo9nqvmnr,usr_326rdju1t1,2024-07-01,2024-07-08,Basic,11.81
sub_wg6s2g62rf,usr_3sp61oh8y4,2025-02-09,,Enterprise,387.9
sub_2w062ix1od,usr_ze8olkxbal,2025-03-17,,Enterprise,476.42
sub_798otd78bb,usr_d7dt1fiz6v,2025-01-19,,Free,0
sub_pmezpkos25,usr_fddptin7vy,2024-11-16,2025-02-09,Premium,34.36
sub_g56wx3drsz,usr_taw69lsudi,2025-02-12,,Basic,11.85
sub_i9pzyctle5,usr_ildhbwmnq3,2024-03-28,,Premium,41.92
sub_0aj00z8nlc,usr_tylkzbwbmh,2025-04-29,,Free,0
sub_sjuzz3hgfx,usr_rjj5efmmzb,2024-08-17,,Basic,19.4
sub_oaivk87z4x,usr_w8pzxyh9gt,2023-06-20,2025-04-21,Free,0
sub_kajjybl2x7,usr_iqoh0yaiol,2024-10-20,,Pro,63.14
sub_3mzsh6a6k3,usr_js4k0dmtyy,2025-04-01,,Basic,16.08
sub_idvb4fyjhe,usr_q8qja1scw1,2024-06-15,2025-03-01,Basic,19.6
sub_ldgrvz9qu1,usr_1l9kby9g7q,2025-04-19,,Free,0
sub_a9wmcttbch,usr_b4in9jd3la,2025-04-03,,Basic,16.58
sub_yqo2b0i4l3,usr_3grcdww8hj,2025-02-10,,Pro,96.63
sub_nn7pk06mwm,usr_0jbllde8vp,2025-02-09,2025-02-23,Pro,60.88
sub_0p2blxsesn,usr_ujla4hd8jg,2025-03-17,2025-04-11,Basic,13.14
sub_0xa1zvfvks,usr_wac4x9xos8,2025-02-17,,Basic,18.78
sub_wjgv4y6gzg,usr_uq9ispv4sk,2025-04-21,,Free,0
sub_4tfw6gqcph,usr_8zp97ygwge,2025-05-09,,Basic,19.27
sub_dc4f4fikq4,usr_qn9aj0ngf2,2024-10-16,,Premium,23.28
sub_ub6jh3w6gl,usr_92xgrz9y50,2024-11-05,2025-01-05,Free,0
sub_hvyzvczrvf,usr_gctar2vjwx,2024-03-19,2024-07-20,Basic,15.08
sub_a4erf2bkv8,usr_m71nv0xi58,2025-01-18,,Free,0
sub_93tp4cacxe,usr_vugayf7mpd,2024-12-10,,Pro,88.9
sub_r5pwqakhib,usr_g66ki4vt27,2025-03-19,,Free,0
sub_pn8wcj7i6x,usr_jdbuxusowq,2025-04-20,,Enterprise,356.15
sub_cg6s3xbcoq,usr_p4zcqfum3a,2023-03-07,2024-12-15,Basic,14.06
sub_duvs49l8c0,usr_z76cswvnkk,2024-07-21,2025-01-10,Free,0
sub_9til88ro5x,usr_kpi8gbpyox,2024-01-09,,Free,0
sub_kow6wd5ycs,usr_semb79x6lq,2025-03-14,,Premium,46.82
sub_upvn83zw9m,usr_ct6k9fzavk,2024-04-18,2024-08-13,Free,0
sub_5qf3a4acqy,usr_rrlfrk2xu9,2025-03-19,,Pro,58.05
sub_3rke7zhym1,usr_lbgo9zdbas,2023-11-29,2024-08-01,Basic,14.69
sub_1fhbitam8y,usr_gdbzxuu4e8,2023-10-27,2025-01-17,Pro,50.13
sub_j4vjm5f2zn,usr_i2ymyb4yeb,2025-05-02,,Pro,54.9
sub_ei0sp4hqgf,usr_g7js2xbpjh,2024-11-09,,Basic,14.4
sub_rzmsbsiyou,usr_6eadmopuy9,2025-05-20,,Premium,31.27
sub_e5jewxufur,usr_k0x90hfd9a,2023-10-19,,Pro,73.77
sub_3abxd4i1gt,usr_jype9b17bz,2024-03-01,2025-04-04,Pro,85.95
sub_ltzutw1chu,usr_24185m5dyb,2024-11-06,,Free,0
sub_sopxyjyskm,usr_2npbikwlnh,2024-05-09,,Free,0
sub_rjd12ob5dv,usr_9cjz2s9pk2,2024-05-10,2024-05-28,Free,0
sub_dqccgo9x5k,usr_gn7kn4boel,2025-02-14,,Basic,18.9
sub_6q4ehoaot3,usr_z02cde1ii4,2024-09-20,,Basic,19.95
sub_ou66r5uyos,usr_kng8rgwldh,2025-05-07,,Free,0
sub_xxu5j7d373,usr_8s35s1z9eg,2025-04-02,,Free,0
sub_qrieukw217,usr_o608g2i4wh,2025-03-27,,Pro,72.78
sub_5chgk6njwb,usr_gj49mj7vru,2025-04-16,,Premium,49.14
sub_m0n10fogi3,usr_6c7p3x6fio,2025-05-02,,Enterprise,294.57
sub_8i19z00yzz,usr_d7rp9fz8we,2023-10-15,,Premium,29.49
sub_icz86lx7kb,usr_sp8e0infm9,2023-12-30,2024-11-24,Basic,10.26
sub_k7dyxm5gue,usr_aw46knakln,2025-02-20,,Free,0
sub_zszr2q1hkv,usr_5wpoand2km,2025-01-16,,Pro,81.86
sub_n7jolfw4fj,usr_n8vmxo87sq,2025-01-18,,Free,0
sub_pcpv492g4w,usr_t5reo54jqe,2025-01-27,,Basic,10.64
sub_ch1eehlqf0,usr_ojlvc4qfrn,2025-05-02,,Premium,31.47
sub_imwslv0hjc,usr_sr577b09v8,2024-03-29,2025-04-04,Premium,34.11
sub_q2r4d7l5nt,usr_syywna762s,2024-07-02,2024-07-08,Free,0
sub_w2ux8o7tji,usr_egsaplg6c8,2024-06-24,2024-07-26,Premium,40.99
sub_kyu2h3ednt,usr_urfm3hdlrz,2025-03-25,,Free,0
sub_exjvocx8a7,usr_9uxboeiijj,2025-04-13,,Free,0
sub_8eag5vical,usr_sird5yzbro,2025-05-02,,Pro,86.38
sub_8c4tq146yy,usr_6fon2x9mjg,2025-02-27,,Free,0
sub_1tr47uu138,usr_yyukja84xv,2024-11-12,,Basic,16.25
sub_d90r5ebdov,usr_cvjfa5ixql,2025-05-18,,Free,0
sub_7amag0xk8a,usr_snqqjxvwzd,2024-07-02,,Premium,47.78
sub_o9wz8coa9y,usr_8yjhrkhyix,2025-04-28,,Free,0
sub_xtfsq2uxds,usr_j0cx6ch4vi,2023-09-24,2024-05-21,Free,0
sub_fdyrcy60mi,usr_dnhi8bmtjx,2025-04-02,2025-04-20,Premium,21.09
sub_anf0o7iu2q,usr_dvf1mq6jph,2024-10-12,2024-12-13,Free,0
sub_m7vzqd1ejx,usr_m1ixwbuonp,2025-01-04,,Free,0
sub_a31q067re6,usr_c07f6vg5ak,2024-12-17,,Premium,22.86
sub_2xfyyh6bz3,usr_0wsseyj7za,2024-10-17,2024-11-03,Free,0
sub_firzi085ao,usr_6fck8kb06c,2025-05-13,,Premium,23.3
sub_wjq0gpgfxv,usr_rvunmyin3z,2025-04-15,,Premium,39.56
sub_mhda2iezw4,usr_3fj9heu2nx,2025-03-14,,Premium,41.64
sub_14l0pfqd92,usr_ihzu25vfek,2024-02-08,2025-01-15,Basic,15.13
sub_0p99pz7wjc,usr_y0ydfo66z5,2025-05-05,,Premium,47.87
sub_uwrflh3exi,usr_yg0na2nq9i,2025-03-11,,Free,0
sub_yrwfsnsylh,usr_4da9vw98j1,2025-02-16,,Basic,18.39
sub_tl0us6vqcj,usr_piihfr4zqf,2025-01-04,,Basic,17.73
sub_0n61djn1jd,usr_x8llhbgvij,2025-05-20,,Basic,13.83
sub_enzrmrp3b4,usr_kch4i7lxf3,2025-05-18,,Free,0
sub_23oqare4pw,usr_fp76dajuc7,2024-08-27,,Free,0
sub_uxyetknw6f,usr_pov8nnqwp8,2024-01-09,,Free,0
sub_43h1xnb5pp,usr_no81z3rkud,2025-01-29,2025-03-22,Premium,28.65
sub_kw8p2ttxi2,usr_qvgs4ipkui,2025-05-20,,Free,0
sub_9pbkapn5re,usr_k3dq121en7,2024-09-04,2024-10-25,Free,0
sub_q3sfkeokuf,usr_ctbcl3kgbm,2023-08-10,,Basic,12.56
sub_s4lc7kdpmj,usr_g52f3vomgb,2024-02-03,,Free,0
sub_mjmvdwrxh5,usr_zvi531n286,2025-04-04,,Premium,34.63
sub_4go7ckxi0z,usr_u3qglom5u7,2024-07-29,,Basic,16.58
sub_hhulqmc7bn,usr_1dy6xe4rpa,2024-05-15,2024-10-02,Pro,53.47
sub_mwwk187lh1,usr_jx3m0lb14b,2023-11-02,2024-08-16,Basic,15.34
sub_evdh65h15f,usr_2q7fq1og7z,2025-04-20,,Free,0
sub_7255jj5w3d,usr_tbinmum1fe,2024-10-10,,Pro,95.38
sub_t5s8h26n4f,usr_g7p0nwpmh3,2025-03-20,,Free,0
sub_5humjfsptb,usr_3hg855psip,2024-08-04,2024-12-03,Free,0
sub_2yb18c199z,usr_hjaiortirq,2025-02-23,,Enterprise,433.9
sub_5qmyreganj,usr_g1pwoti1pr,2024-12-03,2025-01-10,Free,0
sub_0v5iqszeau,usr_88jm7oojer,2025-05-16,,Premium,31.18
sub_4r90y62qsy,usr_t124tc9raz,2025-05-05,,Pro,68.46
sub_mt40gy81dh,usr_619gz14k6q,2024-11-24,,Basic,19.48
sub_36ykfshta0,usr_nfcco0faod,2024-02-11,,Free,0
sub_ar7anaiztr,usr_idcpkfznz5,2024-09-07,2024-09-09,Premium,31.7
sub_6ivza5y0mx,usr_c9gndzmc4y,2023-10-11,2024-08-03,Premium,34.12
sub_8bhn16nr7n,usr_pzare4nk19,2024-05-25,2024-12-10,Free,0
sub_755jc59en0,usr_xf7n4ltopk,2024-12-27,,Pro,67.65
sub_nsp19zkit9,usr_7vk88jui06,2025-05-09,,Free,0
sub_971kauh920,usr_zb33tdyznq,2025-04-14,,Basic,19.29
sub_kyyuj2vq8o,usr_y2c68jklg3,2024-11-27,2025-01-27,Free,0
sub_o1jxbbgz14,usr_oojkuuip8d,2024-06-27,,Basic,10.41
sub_b7wmbge3tp,usr_rtcp0kmevz,2024-09-13,,Basic,13.6
sub_xnvuva8qlc,usr_gtsevyt0w2,2024-12-26,,Basic,14.87
sub_rj6gpwsvtz,usr_rvn5taw16c,2024-07-24,2025-03-06,Free,0
sub_ln1sxsrfy0,usr_8j7upmlsp4,2024-10-25,2025-03-16,Basic,18.82
sub_xqf4o3vhis,usr_gcn70n8cxx,2023-10-02,2024-11-21,Basic,15.61
sub_xnno1bmpc2,usr_amkkb9wuu5,2024-12-19,,Enterprise,243.91
sub_4ifg5rai7q,usr_j1cq336uhb,2025-03-10,,Basic,11.37
sub_81wtda9vpd,usr_3u9gytzhj3,2025-03-11,,Free,0
sub_bevaayfxcg,usr_hgj8fntyx3,2024-03-26,2024-12-23,Premium,25.68
sub_cm85vq6o9a,usr_r274mwx6rz,2024-09-27,,Premium,28.54
sub_kk8ubyzbml,usr_6oudpvt792,2023-05-16,2024-05-19,Basic,16.91
sub_annj6r8jok,usr_w226jfs4c3,2025-01-17,,Pro,51.27
sub_uoja7weugx,usr_aqgnxiqqee,2024-11-23,,Free,0
sub_18prkq9o47,usr_ug2pyfput0,2025-03-01,,Free,0
sub_lsoi5yslea,usr_tucisa3wn1,2023-06-03,2025-04-26,Free,0
sub_hlr11mwt2u,usr_esdc6tupwb,2024-04-12,2025-04-21,Basic,18.25
sub_sznzdi9x7d,usr_z8lyzay1ut,2025-05-04,,Premium,36.28
sub_ahw708ta1g,usr_dctonvw523,2025-01-05,,Free,0
sub_d0gvw1sv3r,usr_rday8p93gx,2025-01-04,,Free,0
sub_jaflc4bfgw,usr_y0phbmeje0,2024-08-17,2025-03-27,Premium,22.83
sub_b7tmiex3oz,usr_gzvtsyzsbn,2025-05-19,,Premium,40.53
sub_mnoztewfcz,usr_xwpwfhcx11,2023-05-22,2024-11-13,Free,0
sub_z0cov94o5n,usr_9gs5txkz3x,2024-06-12,,Basic,10.28
sub_9jxgwh78jq,usr_2ong9j85dd,2025-03-21,,Premium,22.17
sub_d0a69vt5w0,usr_tc5z83whei,2024-09-23,,Basic,19.28
sub_4ioeax37n9,usr_whbdys8798,2025-05-17,,Basic,11.3
sub_iuro6c2m47,usr_jfhogey0r1,2024-09-17,,Free,0
sub_cyd91wl01p,usr_v8qg1429f2,2024-12-22,2025-01-17,Free,0
sub_fsv8qbzrj5,usr_90ntgpo23v,2024-12-29,,Pro,73.66
sub_6wpbp4hm3o,usr_wt7gn54wtj,2024-11-15,,Free,0
sub_qb68u53987,usr_soev0fmvhb,2024-04-22,,Free,0
sub_6t9kffkfg4,usr_f5qv4dt2ba,2025-02-22,2025-04-01,Pro,81.24
sub_fklwiswprt,usr_u0p3ity2yk,2024-11-04,,Basic,15.93
sub_e92q1n60ii,usr_mlo4sba9eo,2025-03-31,,Free,0
sub_gdffehdqmu,usr_2536k8hnor,2025-04-20,,Premium,25.05
sub_aggal5b67u,usr_1pxuvxw9qv,2025-04-23,,Basic,17.93
sub_gyxetgq2wp,usr_b674dr62il,2025-04-09,,Free,0
sub_uv5t40euxy,usr_88pffko0ex,2023-10-14,2024-11-10,Pro,96.93
sub_udt1dqsxyu,usr_4myd34rorp,2023-07-10,2024-06-25,Premium,40.07
sub_qgy1d4i9dy,usr_h9pkej5bnj,2024-11-02,,Free,0
sub_s3yd7oslf3,usr_u32wzxvs7l,2025-03-13,,Basic,11.04
sub_ps9o57yy1p,usr_lk1yrf4rte,2024-06-15,,Basic,16.36
sub_sp1muzw5ks,usr_nj8wp9hxwr,2025-05-20,,Free,0
sub_9yztk7fgc4,usr_zuptlqpoxc,2025-02-04,,Free,0
sub_nbs6xak9bf,usr_uss8zblw7i,2024-11-20,,Pro,80.99
sub_en2khq2cz9,usr_isxx1cgeiu,2024-12-13,2025-03-07,Free,0
sub_3ax3gvfp7t,usr_39o6fof108,2023-06-19,,Basic,18.68
sub_6fvcdj9cnw,usr_ats2hfz6n1,2024-07-16,,Free,0
sub_7iw5q1r8pi,usr_zwdyshbmx0,2025-05-16,,Pro,69.53
sub_cukcz8qa1p,usr_fjpxtpj47m,2024-10-26,,Premium,24.89
sub_e8fd2mgdjn,usr_dikuwlgqh1,2023-01-28,,Enterprise,493.39
sub_rgvzsdj4d3,usr_gm3r5q1hwg,2024-07-18,2025-03-24,Premium,42.12
sub_sdptv9vjs0,usr_fgkxz53wzb,2024-08-11,,Free,0
sub_y57t4x43z5,usr_g2rooi8plq,2024-07-05,,Pro,96.62
sub_lds5j5isic,usr_ju82a4u5gq,2025-05-20,,Basic,19.04
sub_ef6ajzfhgy,usr_ogtyyoj7qf,2025-04-02,,Basic,19.34
sub_eeriw7dzlp,usr_b57s5cuwhb,2025-05-03,,Pro,55.36
sub_gmp4kiyaab,usr_59tvf39lsp,2024-11-24,2024-11-25,Free,0
sub_ca2v2xdt0o,usr_6zs0z3mhdh,2025-03-07,,Free,0
sub_4rq0juxg2r,usr_i6d1va5hba,2024-01-28,2025-02-23,Basic,17.48
sub_r4gbuzvwdb,usr_faszocfwth,2023-12-15,,Basic,10.28
sub_5idi4xp2s3,usr_gc2u2jdcvs,2024-10-03,2025-01-14,Free,0
sub_3lj3l0rtns,usr_iyhf5ck2ip,2024-01-14,2025-03-17,Pro,78.55
sub_ok3hnn01mc,usr_blqjhzxn9a,2024-05-28,,Basic,19.74
sub_chp35j42pl,usr_j9c93ug89m,2025-05-11,,Basic,12.61
sub_skf0h9r28v,usr_6m6qdo3f2h,2025-02-08,,Free,0
sub_vr6i9h9pd8,usr_fwts5d99wk,2025-05-05,,Basic,18.41
sub_4mk1a2a1d6,usr_8uc2gchggn,2025-02-18,,Basic,14.62
sub_ba5uzt3g87,usr_xvxi77wh18,2025-01-25,,Free,0
sub_g9p0aznf7d,usr_xbc2jhzlyb,2025-04-19,,Free,0
sub_g8mpayk8jh,usr_0uh98inxrm,2025-05-18,,Free,0
sub_qn5hcd3u4l,usr_1xezvmfrza,2024-11-20,,Basic,18.46
sub_ecvcds81xb,usr_7z2d61qb7g,2025-02-09,,Premium,23
sub_lhacw80ecm,usr_orbjr3p70s,2025-01-08,,Premium,28.33
sub_x7w4569xwp,usr_143xcwqkfz,2025-04-02,,Enterprise,478.01
sub_8e5ytu4vdh,usr_33aotuq23e,2025-05-17,,Basic,10.57
sub_bdnqun7632,usr_n21116lwzi,2025-01-26,,Basic,14.32
sub_llz66yycch,usr_cklx7whwwf,2025-03-26,,Pro,90.96
sub_6k3dncrivr,usr_m19a7s9ucc,2024-09-02,,Enterprise,448.37
sub_axwsfb96ek,usr_zcm6h8xw5p,2025-01-07,,Free,0
sub_508wo8glly,usr_4las3srtt4,2025-02-18,,Free,0
sub_u1df00xrn9,usr_htn82jo7dc,2024-08-16,,Basic,10.19
sub_mw71m1nsko,usr_85uqxd6gg4,2024-04-02,2025-01-17,Basic,12.12
sub_oqyjx4xyld,usr_dc2pb1mboo,2024-06-14,,Free,0
sub_iub0feiq55,usr_r3yxdfrfbo,2025-05-18,,Basic,15.92
sub_b4gzunh8zh,usr_xvqo2iuzta,2024-09-29,,Basic,15.26
sub_gqhvzzl3al,usr_ab4ecm05h4,2025-03-12,,Premium,48.71
sub_o2kngnlgjv,usr_aqwnqwduqp,2025-05-09,,Free,0
sub_z8rngnkksc,usr_l5g7aakd9s,2023-12-17,2025-03-05,Basic,14.46
sub_p6d79xw3z8,usr_mgfubqqwgy,2025-04-07,,Free,0
sub_j4yojb6ef5,usr_14e244anf2,2024-10-22,,Basic,18.29
sub_qcvipxpme5,usr_ufcvxmf0ta,2025-02-11,,Premium,26.8
sub_5ehp9ywwp4,usr_eu9oh72rl0,2024-12-30,,Basic,11.53
sub_c27wpc9l77,usr_zb941xohaa,2025-04-19,,Basic,11.51
sub_6qfdqrn9yj,usr_0ec5kek0nn,2024-06-27,2024-11-23,Basic,14.88
sub_zhtxvjyfk0,usr_2nn1cedy81,2024-11-27,2025-02-15,Pro,75.93
sub_1ti1zecfc2,usr_x0gspejlo4,2024-06-04,2025-04-19,Free,0
sub_2ysahk64tb,usr_2s8sleprso,2023-10-25,2025-03-10,Basic,14.47
sub_cj1qyc3u8n,usr_exq3lgfujv,2025-01-25,,Basic,15.17
sub_zgskun5iyb,usr_vru5m9kofa,2023-07-09,,Basic,17.39
sub_kr7w9152ub,usr_43804tlbzb,2024-03-06,,Basic,16.21
sub_7zbpptaz5x,usr_anxrlsi25r,2024-03-09,2025-02-11,Basic,10.88
sub_z1ad9iwjse,usr_e7jsxtgiuj,2024-08-01,2025-01-10,Basic,12.5
sub_lpqmkbewmv,usr_kxst0olgre,2025-05-02,,Free,0
sub_zuzkb5ay0g,usr_kys39c13e8,2024-10-31,,Basic,18.06
sub_meirzobm5n,usr_f6mbp7cf6z,2024-06-22,2025-03-27,Pro,63.42
sub_uli0u5ebcc,usr_40hj08s413,2024-10-16,,Pro,58.65
sub_pyuucpbmm3,usr_ui8nx6q8jw,2024-09-14,2025-04-07,Pro,98
sub_xsaf2ruum6,usr_cjhq69p1q5,2023-08-25,2025-01-22,Free,0
sub_h4qmjkzn4n,usr_8gavu9ifl0,2025-03-21,,Enterprise,371.18
sub_uj0kxfdgj5,usr_4wj01dwsws,2025-05-07,,Free,0
sub_07anfqq8x5,usr_b1ao4vnj4d,2024-11-11,2025-03-15,Basic,14.09
sub_lanmes0osr,usr_g84baohrko,2024-11-13,,Free,0
sub_j98llh7pwu,usr_ugloxq5tgq,2025-03-28,,Basic,10.41
sub_r4eneuggls,usr_j3bbwkc0i4,2025-05-04,,Free,0
sub_6ydv2erkax,usr_sy9s32wkmx,2024-05-22,,Premium,43.79
sub_jcvz4usr9a,usr_gjirqrud3z,2025-03-20,,Basic,11.39
sub_vd5b4gytco,usr_2mqdcyjdgl,2025-04-16,2025-04-19,Basic,19.45
sub_o6ivechuk5,usr_na7wq3zzxj,2024-03-24,,Pro,84.96
sub_szl7z96595,usr_7riskmi2fn,2024-10-09,,Free,0
sub_y42nw0unt5,usr_vmfg48920c,2025-02-17,,Premium,28.96
sub_7mwmd1oay2,usr_ua3qycu4ts,2024-07-09,,Basic,11.93
sub_6wqdusrpcw,usr_a9rqolvqcc,2025-04-25,,Basic,16.85
sub_4r0h19nc3u,usr_og3y6th853,2025-05-20,,Enterprise,459.39
sub_z2ykr2f1mf,usr_d5vsi9s4zy,2023-11-11,,Premium,20.84
sub_2vcwge0zyo,usr_p3ibkdl9dj,2024-10-20,2025-01-28,Basic,15.35
sub_nbp5hbrogm,usr_sw0z56d7gb,2024-07-15,2024-08-13,Free,0
sub_ax6zdsozqp,usr_d4ofgy618k,2024-12-07,,Enterprise,256.33
sub_cmbsaf3z3y,usr_ld3l0pt5gd,2023-11-12,2024-05-03,Basic,14.16
sub_w2upabgzlb,usr_r9x1bai8tx,2025-04-09,,Basic,17.01
sub_7flo0mswbo,usr_kn801zzz0y,2024-09-04,2025-03-08,Basic,17.95
sub_0f9p2u6rcg,usr_4tatxiaqvn,2024-04-07,2025-03-23,Pro,74.18
sub_oalf1kfrtl,usr_oj1p4zusjj,2023-08-29,,Free,0
sub_eitok6weyn,usr_pmgpnipaf5,2025-04-12,,Premium,20.34
sub_rztqso5uuu,usr_tnb3aji368,2024-12-30,,Free,0
sub_6a2xj70baf,usr_gsbtly13oi,2023-09-10,2025-01-25,Free,0
sub_eza0hgs30c,usr_ypr7qgsh7f,2025-03-19,,Free,0
sub_f2dx3spbyo,usr_ysslc83bxk,2025-01-17,,Basic,18.78
sub_wy5mtixadd,usr_svbtix65zc,2023-12-09,2025-01-27,Basic,16.4
sub_bs5um2vwz7,usr_3b8nlhavv8,2024-03-30,2024-11-20,Free,0
sub_4ka4xxze16,usr_dd44wkq3hf,2024-12-06,2025-03-04,Free,0
sub_y6tavdlbyh,usr_v9ks8kf9mm,2023-09-14,2024-06-18,Premium,48.54
sub_t5vh2j7jo3,usr_f9maydfe08,2023-12-16,2024-12-03,Premium,29.44
sub_e011w3f0ni,usr_viyqqhrqsz,2024-06-13,,Enterprise,377.48
sub_z7mmxk6xsl,usr_j5ei55jmu7,2025-04-29,,Free,0
sub_99chw4514i,usr_y68d0l7qdp,2025-01-24,,Premium,33.33
sub_dqk9f1sk00,usr_yyjsj3046e,2024-09-26,,Basic,11.53
sub_fzkxaulfwk,usr_axynw2h3gk,2025-01-13,,Pro,53.87
sub_bvfohh35xc,usr_hnxyjqjpdr,2025-04-19,,Basic,10.92
sub_jqamoopndz,usr_mttqvsqx8f,2023-11-30,2024-12-27,Basic,12.39
sub_05dpvzjhi4,usr_rsu6kycypo,2023-10-13,2025-01-03,Pro,96.69
sub_ak1qlv1ijr,usr_qt38ex3ej4,2025-05-16,,Basic,19.06
sub_gjpwyd2i1z,usr_em00iscnff,2024-04-02,,Free,0
sub_vrxm3j878t,usr_5cpbub5omo,2025-02-22,,Premium,34.64
sub_44zet1aim3,usr_raf4e0mn2b,2024-12-30,2025-01-27,Premium,35.02
sub_9v1qzslh2c,usr_l9f3afzwn4,2024-11-20,,Enterprise,270.37
sub_mnc3g1tk2e,usr_07bwus97og,2025-01-30,,Free,0
sub_1conil11av,usr_kmdcoj0zt7,2025-02-22,,Premium,48.48
sub_4noxthunmk,usr_o3s9inbek8,2024-03-08,2024-05-19,Basic,19.73
sub_8095thyn9i,usr_inowtaexch,2025-05-18,,Enterprise,386.45
sub_fspjbahkqk,usr_d8obbah9v4,2024-10-24,,Free,0
sub_cwj8qt1n6d,usr_j5hgigiswd,2024-03-29,,Free,0
sub_vxgf97h9gl,usr_k3r25bff24,2025-01-15,,Premium,27.41
sub_05nwx9kmik,usr_73zv5liqm8,2023-08-03,,Basic,10.95
sub_zi9jdqzron,usr_hqwh7x8n6i,2025-02-23,,Premium,27.08
sub_an4ty4y1qu,usr_961j00xr43,2025-01-15,,Pro,66.2
sub_g0zvaw6avy,usr_t5pz41mqa8,2025-04-12,,Basic,10.34
sub_devhfpwyxs,usr_gx63yv2ckn,2025-05-08,,Free,0
sub_nyxybnxy3b,usr_63yag36rx6,2024-06-17,2024-06-25,Free,0
sub_r0fkfr07t4,usr_g5oeo0aby2,2024-03-08,,Free,0
sub_xolzs2236l,usr_uq9ujdepus,2025-04-17,,Basic,13.02
sub_oj6d2v1f1f,usr_tpwjohrxt2,2025-03-02,,Basic,10.7
sub_zp9zph9uu1,usr_12vi99r0bf,2024-10-23,,Premium,28.07
sub_0z28fb7iaq,usr_r3y32zsjwb,2024-11-11,,Pro,58.32
sub_c5hh7xbr7c,usr_z4oht9shiu,2025-05-13,,Free,0
sub_rpjfuqctjo,usr_iyfccm3czg,2025-03-23,,Free,0
sub_fpkf34srpg,usr_smy88db72h,2024-10-30,,Basic,12.92
sub_ynary0qe0y,usr_e8zoide414,2023-10-03,2024-09-04,Free,0
sub_hme0qfazrz,usr_ev3p7gv4qa,2023-03-28,,Premium,35.99
sub_gr65fslf9g,usr_i8pexf1qs9,2025-02-12,,Basic,18.24
sub_igxlfh44uk,usr_l98mtyvyj8,2025-03-02,,Basic,18.63
sub_1uuv3h76c9,usr_txswe4oxyg,2025-01-31,,Basic,15.76
sub_pazhcoe5wb,usr_k51iuj8ypc,2025-04-11,,Pro,59.36
sub_wh3ei7hx3o,usr_hvmlowyxw1,2025-04-28,,Enterprise,453.11
sub_lo3f87kr6u,usr_hkudxvtbjp,2023-11-05,2025-02-16,Free,0
sub_qm988oj554,usr_939brmpj84,2024-01-30,2024-12-06,Basic,10.64
sub_tc5n5ws3r4,usr_4pwgogzr0f,2025-04-03,,Basic,19.59
sub_hi4tkc6zeb,usr_jlnlzbh5of,2024-11-19,,Free,0
sub_pxt5l4zfxu,usr_wrdkw8ulqm,2024-03-14,,Free,0
sub_3xxheovjp5,usr_hcr57htsml,2025-04-29,,Free,0
sub_keor89yapa,usr_wdydv426eu,2025-05-05,,Pro,81.55
sub_cv7o5jetst,usr_fb6zdcnxj9,2025-04-03,,Premium,44.06
sub_cgtyfjwwmg,usr_nlwssgw4o1,2024-02-10,,Basic,10.82
sub_xbgmjms6tf,usr_o0f93fcgxm,2025-03-16,,Free,0
sub_x48dt21oae,usr_m8ekt0buzd,2025-03-21,2025-03-25,Basic,19.66
sub_egmuj7gvag,usr_m8vcm6qnwr,2025-02-02,,Premium,46.83
sub_qyv69jz7pv,usr_hi89cclt0s,2025-03-10,,Basic,12.25
sub_6ic8gztmdg,usr_3e3it787t5,2025-02-11,,Premium,48.05
sub_48vuicxrxe,usr_vwscewbolt,2025-01-27,2025-04-04,Premium,33.2
sub_qcgry6wf8o,usr_rl9111071j,2024-01-05,2024-05-08,Free,0
sub_rg2hmk2pzz,usr_xjybbtm4wq,2025-04-30,,Free,0
sub_o6gwjbdj62,usr_83j8tpf4xx,2025-04-21,,Premium,47.92
sub_imsrf8ynmb,usr_o1p898v4zs,2025-04-04,,Free,0
sub_oucxgs299p,usr_usxb8zjrj8,2024-06-25,,Free,0
sub_4uxf6gk15k,usr_emsuyywxar,2024-10-06,,Premium,36.74
sub_4suyh3wp11,usr_rkssia9un3,2024-06-26,2024-07-12,Basic,13.02
sub_k9qpjr1wq6,usr_tt6nh41ant,2023-12-28,2024-11-04,Free,0
sub_1565gxabqo,usr_bmloh46gjh,2025-05-07,,Basic,13.64
sub_hhd6tqsg5n,usr_a76tspjmdi,2024-10-04,2025-04-10,Free,0
sub_wdvf102m73,usr_n9o3qv9eki,2025-05-05,,Basic,18.17
sub_yo4opv3h24,usr_tlc47abvxn,2025-04-02,,Premium,49.19
sub_kbsmxjwu7q,usr_vn0ei9ubs8,2024-11-17,2025-03-18,Premium,30.89
sub_x1y6q06r4u,usr_b3h7casz0w,2025-04-25,,Premium,24.47
sub_48wc68d421,usr_64hf5pd1ya,2025-04-19,,Free,0
sub_cgou4180at,usr_t88l31orpf,2025-01-30,,Premium,36.67
sub_nfukku5shu,usr_45lh0sdfdk,2025-04-29,,Pro,85.49
sub_orbv24naba,usr_np1bigonkx,2024-04-16,2024-08-03,Free,0
sub_qdwli6is5k,usr_jrf8802o5f,2024-12-25,,Free,0
sub_7356hw9qnc,usr_60sr6upqmv,2025-04-17,,Free,0
sub_cnge1sy0fa,usr_ks4n8nfxdt,2025-01-28,,Premium,24.76
sub_g9oiq1ab6f,usr_2o8ec7pwt9,2024-11-14,2025-02-14,Premium,35.02
sub_tnxclo1u6k,usr_6faogfe0vm,2025-02-02,,Basic,12.07
sub_h2xbaqqg1a,usr_n1ta6gdhzq,2024-03-04,,Free,0
sub_mzeok5i1xv,usr_1eu1j7ncyb,2025-04-23,,Basic,19.55
sub_774ro5kvcb,usr_r04uwmnatm,2024-06-30,2024-12-08,Basic,11.41
sub_pg3kf9hty4,usr_cp8vis0hei,2024-03-25,2024-08-11,Pro,93.5
sub_5ow8fbdjun,usr_tk48lla3ed,2025-03-15,,Basic,11.33
sub_p7s8rzghfu,usr_n5l9roqcdo,2024-03-13,,Free,0
sub_89i5cyyftr,usr_xn19jlqf59,2025-04-28,,Free,0
sub_npj3ed32bc,usr_3vlhhmw7zz,2024-06-25,,Premium,39.23
sub_0i2hqqcnti,usr_lefkhueuhv,2024-06-04,2024-07-07,Basic,19.9
sub_12smjozmjl,usr_1ufo2ktqvs,2025-05-06,,Premium,40.08
sub_k5a768ohfz,usr_jxd3ierzck,2024-12-09,,Pro,50.44
sub_7s3k0y36tx,usr_l14f8yng7h,2025-05-13,,Pro,84.8
sub_r6aromtde3,usr_b63oz3omn5,2024-07-04,,Free,0
sub_u7tt6v9x8o,usr_3zyr5e9t23,2025-01-16,,Free,0
sub_rn3qizblha,usr_81mmcp44z5,2024-04-19,,Basic,16.24
sub_9nzz0nkb4t,usr_x0d1a8zcb6,2024-04-17,2024-10-04,Pro,68.55
sub_5hlqceafuj,usr_8sscm2v6f5,2024-12-17,2025-03-16,Basic,18
sub_sm8b0tnnnu,usr_hre35riem3,2024-12-24,,Basic,11.02
sub_e8fn4an2fn,usr_pcox62clsc,2024-12-27,2025-04-16,Basic,11.92
sub_kfzzab0bru,usr_o0yvxz48kz,2025-04-19,,Basic,14.26
sub_oxsc3qkxqq,usr_dau82vbktb,2025-03-29,2025-04-25,Premium,36.48
sub_30uxu7xm7z,usr_6alhdihzcq,2025-04-14,,Pro,90.1
sub_ovgkkvuxbo,usr_l82rgzaqf7,2025-04-27,,Enterprise,318.77
sub_rbh2675go7,usr_81ilcb28hl,2024-09-02,2025-01-17,Basic,19.48
sub_lsoshk3kln,usr_5dtnwuc6kb,2023-03-12,2025-02-10,Free,0
sub_umqe1bjlnu,usr_0yhzoa2zqh,2023-11-23,2024-12-22,Enterprise,294.61
sub_w28km4zca3,usr_7syx1zf384,2025-05-08,,Basic,12.66
sub_gg0iel3icb,usr_820wysocun,2023-03-17,,Pro,62.92
sub_kfvxfcuka3,usr_ehjzohrkt6,2024-12-20,,Free,0
sub_9qm8rbasq2,usr_ixdlou28cl,2025-05-16,,Free,0
sub_i0ble0cvh8,usr_rd6m3aex4f,2024-02-18,,Free,0
sub_qe62a0taq7,usr_j4722vbhr0,2024-12-24,2025-02-16,Basic,14.1
sub_gmz5kz2lxu,usr_621j7fqysi,2025-05-16,,Basic,19.87
sub_vcmjx2xcj2,usr_rw9hb52p6o,2024-01-23,,Basic,12.13
sub_0eo9ld6igo,usr_if8is9n7cf,2025-04-11,2025-04-26,Pro,85.57
sub_r1fqey9m11,usr_ywfvt907jq,2024-05-12,2025-04-05,Premium,43.95
sub_5ldkiibduj,usr_nbcle3jhaj,2025-05-12,,Premium,30.23
sub_twa142tk62,usr_h0ig951qxh,2025-04-16,,Premium,34.62
sub_b1qn0fi84u,usr_zy0akdlz3x,2024-10-08,2024-10-16,Basic,13.97
sub_hs6vkz0suo,usr_tx5tobekmj,2025-05-05,,Premium,39.34
sub_4agjubine1,usr_48bt8deaoh,2024-01-07,2025-02-11,Free,0
sub_zp2f8uzcq4,usr_a9l7scq2r0,2025-01-26,2025-02-25,Free,0
sub_enban5hat4,usr_t4rktr3wa6,2024-07-02,2024-08-08,Pro,51.71
sub_ooqd7tm0wz,usr_d4nyp0xfxs,2024-11-03,,Free,0
sub_nbqpgjciqh,usr_qscmr7ubxb,2024-08-31,2024-12-17,Basic,10.35
sub_5fe3baj1r4,usr_a0wlu5s7fp,2025-05-13,,Premium,30.44
sub_mhsblgbs55,usr_u08kc1e1ji,2024-12-16,,Free,0
sub_soy04acr7b,usr_0kpebbipu3,2024-12-09,,Pro,71.83
sub_aizq2a65ww,usr_11v06dxuxi,2025-05-14,,Premium,40.28
sub_6r08os8hth,usr_jqygopg18m,2024-06-30,2024-08-17,Premium,48.56
sub_p4fxz63fge,usr_jbl6228i27,2025-01-03,,Premium,30.8
sub_qru4z2hi0l,usr_t66m96vsjl,2024-09-28,2024-10-12,Basic,15.23
sub_j5io4yqv3s,usr_lwa0swcicq,2024-12-02,2025-02-28,Basic,10.63
sub_kja94skr3r,usr_zi2s72y480,2023-08-03,2024-06-01,Pro,78.43
sub_64o8277tvx,usr_y0jszy89d4,2024-10-20,,Pro,97.57
sub_0ue4xm1ez1,usr_tvudf1kn8v,2025-05-13,,Enterprise,231.66
sub_kvcnpevu97,usr_evx79gvsxy,2023-06-29,,Basic,11.35
sub_a1mapbkvpm,usr_rlrz3j72x8,2025-04-09,,Enterprise,243.63
sub_gofwnpsi5v,usr_jiwkia7kdv,2024-02-05,2025-02-16,Enterprise,397.44
sub_n4bkkl2ykb,usr_afkl5akzfn,2024-10-21,2025-01-02,Basic,16.15
sub_aj4ywc43vk,usr_ukk7qzj1d4,2023-04-10,2024-05-05,Basic,16.84
sub_m3n60prz26,usr_cra4iqg3ox,2025-03-11,2025-04-08,Free,0
sub_933ya6txij,usr_f8c7exafod,2025-02-12,2025-04-24,Pro,69.87
sub_1hziahwceu,usr_cz2u86yqza,2024-11-13,,Free,0
sub_i6gx0ligjv,usr_5dbkzds132,2023-10-28,2024-09-28,Free,0
sub_gv5wbo510j,usr_6otkckr0fn,2025-01-23,,Basic,14.46
sub_l21tc2q87z,usr_s5xrobb2rr,2025-03-30,2025-04-02,Enterprise,303.86
sub_ztunn58otm,usr_0hwiski72l,2024-02-22,2024-09-18,Pro,88.09
sub_ozm3fjy0b7,usr_kv5395f2vx,2024-03-12,2025-04-05,Free,0
sub_02c4wskb5j,usr_8jnvgkr54i,2024-06-22,,Free,0
sub_psfhufd7y9,usr_3rm9pt1alo,2023-07-29,2024-07-28,Pro,72.42
sub_1rr74ur13n,usr_h6o4vvti4j,2025-04-18,,Premium,45.78
sub_l0yreigo3q,usr_wz3wi43gzr,2024-02-03,2024-10-04,Pro,63.46
sub_mi7hho7hei,usr_zo1s0gxl5b,2025-05-19,,Free,0
sub_96oyhi03p8,usr_0i3ozl06sf,2024-01-19,,Free,0
sub_7ha35olkjb,usr_bjzf3hn4dh,2024-10-18,,Basic,14
sub_660zoam142,usr_6vmo5olygc,2024-10-26,,Basic,17.44
sub_pry1og80th,usr_h1pr0vo9e6,2024-08-30,2025-01-08,Free,0
sub_isyumlgvxc,usr_hjk79h02o2,2023-09-24,,Free,0
sub_u67chi7d7h,usr_0nm536ip8c,2025-01-22,,Free,0
sub_v9fm9fij7u,usr_6ao9m6yz5m,2025-04-14,,Basic,11.93
sub_1n5r5ih1tc,usr_5z6c3k7oyf,2025-05-16,,Enterprise,342.55
sub_x1nxrbczvm,usr_u7uz4netdc,2024-09-15,,Free,0
sub_pt80pvuq7z,usr_8ih7x1d7fa,2024-07-20,,Premium,23.19
sub_8loaictao9,usr_rvmjy3z1i1,2025-01-21,,Enterprise,297.79
sub_l4ef3vuhoe,usr_egeudkbkb4,2024-11-21,,Basic,16.1
sub_uf1nano1vv,usr_9qjl4k7iw9,2024-01-17,,Premium,32.45
sub_f3hup01m3b,usr_zwg1gsyvq6,2024-04-23,2024-06-18,Pro,54.53
sub_qz3wfly155,usr_grr1bydpfm,2023-11-09,2024-07-23,Free,0
sub_f5a61ub7jb,usr_s65ionf93h,2024-11-09,,Free,0
sub_b5lnezxvw9,usr_pr73i3a5pi,2025-02-08,,Free,0
sub_8h4ehrn872,usr_enbprx5cfa,2025-04-15,,Premium,27.62
sub_r9c4b1ly8n,usr_z10bchdn3f,2024-07-21,,Basic,15.7
sub_roi8gloax2,usr_fy0vi0eui6,2024-04-24,2024-08-07,Free,0
sub_f3t64e6c0n,usr_la5by3up8x,2023-09-26,2025-01-09,Premium,36.85
sub_jr5ubci1wg,usr_gmnlf7mlfc,2024-10-25,,Basic,11.04
sub_dn5k7gr65n,usr_potgps8487,2025-01-29,,Basic,13.22
sub_k1ubuxo7xo,usr_qo9jzd6hnk,2024-08-01,2024-09-05,Premium,20.65
sub_vuw0sjc2cu,usr_dxrtfu1zkg,2024-12-11,,Free,0
sub_6js89bhvlc,usr_ptv11fy1p9,2025-04-16,,Basic,12.58
sub_jn1rym3v5l,usr_8giltx29w6,2024-08-28,,Premium,20.57
sub_wp6trgiz4m,usr_hrr5lug0sw,2024-10-13,,Free,0
sub_zfj2mzmayl,usr_5oevz0j8dp,2025-01-10,,Pro,59.79
sub_1h9wpv69ro,usr_fp2tyhjquc,2025-02-27,,Premium,33.99
sub_ado7uzmehb,usr_uej0q64xmx,2025-03-03,,Pro,85.59
sub_bv54g9xmih,usr_n9n6hjmpiy,2025-05-08,,Pro,89.98
sub_32elu2cqwk,usr_uod0mksz1p,2024-01-01,,Premium,36.8
sub_teaohebgeq,usr_ubnx4x4hgp,2025-03-18,,Pro,55.09
sub_xhrk5nbhgq,usr_vp9l6ckshb,2024-04-04,,Free,0
sub_m6vfxec532,usr_1iw4fde2dq,2025-05-06,,Enterprise,481.04
sub_jube34k8fl,usr_yhi0q3l6ii,2025-02-08,,Basic,19.12
sub_5wara8ujiu,usr_9sqx7pft56,2025-04-09,,Premium,37.08
sub_qap2ljhzoj,usr_n9tmybk069,2023-08-03,,Free,0
sub_9ucov7mk7q,usr_j4p3sxn7no,2025-03-08,,Pro,95.16
sub_h8hqy6th22,usr_msx1swjejs,2025-05-19,,Free,0
sub_l9ts6s3zuu,usr_yu2iwhs4bl,2025-01-14,2025-03-08,Enterprise,383.01
sub_ealel2drl2,usr_93vqy5lmzg,2025-03-03,,Basic,15.05
sub_moh96dz0kw,usr_jj2jqkv30l,2024-11-23,2024-12-24,Basic,14.42
sub_2d0gqyct27,usr_v7wh98gzrm,2024-12-07,2025-02-22,Free,0
sub_g6nobms5q9,usr_itsow492ja,2024-06-04,,Basic,10.8
sub_p6k3m4zfbi,usr_8byhks1u8h,2025-02-27,,Basic,11.84
sub_ml0nacfnby,usr_gkce9rekx4,2025-01-03,,Free,0
sub_ltw5uh3t3c,usr_oal85yxlqn,2025-02-23,,Pro,56.85
sub_7mp55x0cfh,usr_zamwo835lg,2024-10-26,,Free,0
sub_xkmv05ebhj,usr_5cdmuvdu6v,2024-10-10,,Pro,69.22
sub_gdiwhx3gnz,usr_7dhypg3evt,2024-11-10,2025-02-15,Free,0
sub_19i6bkjk3h,usr_u70nqdwowp,2025-02-16,2025-04-16,Pro,60.96
sub_0d6bgpn21x,usr_bjp8ytf4i5,2025-01-02,,Pro,99.27
sub_0h84btf00t,usr_o1gp8makho,2023-06-06,2024-07-21,Enterprise,442.48
sub_g7gsufzpzf,usr_ik0tirybnf,2024-11-10,,Free,0
sub_yoezg17qch,usr_tn03ipmia8,2024-08-29,,Pro,66.12
sub_8f2v55a6ov,usr_j02qv1qizy,2025-01-19,,Pro,62.59
sub_cvqnhcsflh,usr_p6f5ge8cnw,2025-02-16,,Free,0
sub_sq0iq76aa3,usr_hok1x49iig,2023-08-10,,Pro,84.34
sub_ae9ltx5hj6,usr_yo09ed1yio,2024-06-22,,Basic,17.73
sub_5fhozetuaq,usr_iyr8om8b2c,2025-05-13,,Free,0
sub_6icpetuq8c,usr_27ifjsu5jn,2023-12-11,,Basic,19
sub_ek6l97k2mr,usr_tjxquwhicb,2025-02-14,,Basic,12.73
sub_7pm0q0z13v,usr_x4rbdq8b1m,2025-03-18,,Free,0